Before/After,Deployment Date,Days Post Deployment,CruiseStartDate,Location,Destination,Family,Genus species,STAGE,ACTIVITY,MAX N /Dive N,TIME max N,TIME first feed,REEF TYPE,temp ,tubidity ,current m/min,wave,wind,cloud,Time first seen
After1,13-Dec-05,265,8 September 2006,Lake Macquarie,AR1,Sparidae,Acanthopagrus australis,AD,P,1,17.68,,Artificial,17.1,3,9.5,2,30,100,
After1,13-Dec-05,265,8 September 2006,Lake Macquarie,AR2,Sparidae,Acanthopagrus australis,JUV,P,1,9.27,,Artificial,17.1,3,9.5,2,30,100,
After1,13-Dec-05,265,8 September 2006,Lake Macquarie,RC3,Sparidae,Acanthopagrus australis,AD,P,1,2.40,,Natural,17.1,3,9.5,2,30,100,
After1,13-Dec-05,265,8 September 2006,Lake Macquarie,AR6,Sparidae,Rhabdosargus sarba,AD,P,1,22.07,,Artificial,17.1,3,9.5,2,30,100,
After1,13-Dec-05,265,8 September 2006,Lake Macquarie,RC3,Sparidae,Acanthopagrus australis,AD,F,1,2.48,2.52,Natural,17.1,3,9.5,2,30,100,
After1,13-Dec-05,265,8 September 2006,Lake Macquarie,AR1,Sparidae,Pagrus auratus,JUV,F,4,10.02,2.58,Artificial,17.1,3,9.5,2,30,100,
After1,13-Dec-05,265,8 September 2006,Lake Macquarie,AR5,Sparidae,Pagrus auratus,JUV,F,4,8.93,4.43,Artificial,17.1,3,9.5,2,30,100,
After1,13-Dec-05,265,8 September 2006,Lake Macquarie,AR5,Sparidae,Acanthopagrus australis,JUV,F,1,6.15,6.17,Artificial,17.1,3,9.5,2,30,100,
After1,13-Dec-05,265,8 September 2006,Lake Macquarie,AR5,Sparidae,Acanthopagrus australis,AD,F,2,17.53,7.82,Artificial,17.1,3,9.5,2,30,100,
After1,13-Dec-05,265,8 September 2006,Lake Macquarie,AR5,Sparidae,Rhabdosargus sarba,JUV,F,1,11.08,11.15,Artificial,17.1,3,9.5,2,30,100,
After1,13-Dec-05,265,8 September 2006,Lake Macquarie,RC1,Sparidae,Acanthopagrus australis,AD,F,1,11.40,11.42,Natural,17.1,3,9.5,2,30,100,
After1,13-Dec-05,265,8 September 2006,Lake Macquarie,AR2,Sparidae,Pagrus auratus,JUV,F,2,1.08,16.03,Artificial,17.1,3,9.5,2,30,100,
After1,13-Dec-05,265,8 September 2006,Lake Macquarie,AR5,Sparidae,Rhabdosargus sarba,AD,F,2,16.78,16.07,Artificial,17.1,3,9.5,2,30,100,
After1,13-Dec-05,265,8 September 2006,Lake Macquarie,RC1,Sparidae,Pagrus auratus,JUV,F,1,18.02,18.03,Natural,17.1,3,9.5,2,30,100,
After1,13-Dec-05,265,8 September 2006,Lake Macquarie,AR6,Sparidae,Pagrus auratus,JUV,F,3,27.38,18.32,Artificial,17.1,3,9.5,2,30,100,
After1,13-Dec-05,265,8 September 2006,Lake Macquarie,AR6,Sparidae,Acanthopagrus australis,AD,F,2,17.73,18.57,Artificial,17.1,3,9.5,2,30,100,
After1,13-Dec-05,265,8 September 2006,Lake Macquarie,AR2,Sparidae,Rhabdosargus sarba,AD,F,1,21.28,21.28,Artificial,17.1,3,9.5,2,30,100,
After1,13-Dec-05,265,8 September 2006,Lake Macquarie,AR6,Sparidae,Acanthopagrus australis,JUV,F,2,17.60,23.95,Artificial,17.1,3,9.5,2,30,100,
After1,13-Dec-05,265,8 September 2006,Lake Macquarie,AR3,Sparidae,Acanthopagrus australis,AD,F,3,24.75,25.28,Artificial,17.1,3,9.5,2,30,100,
After1,13-Dec-05,275,18 September 2006,Lake Macquarie,RC1,Sparidae,Acanthopagrus australis,AD,"P,SC",1,11.38,,Natural,18.6,3,0,0,15,20,
After1,13-Dec-05,275,18 September 2006,Lake Macquarie,RC3,Sparidae,Acanthopagrus australis,AD,P,4,29.67,,Natural,18.6,3,0,0,15,20,
After1,13-Dec-05,275,18 September 2006,Lake Macquarie,SC1,Sparidae,Acanthopagrus australis,AD,"P,SC",2,24.52,,Sand,18.6,3,0,0,15,20,
After1,13-Dec-05,275,18 September 2006,Lake Macquarie,AR2,Sparidae,Pagrus auratus,JUV,F,12,25.80,1.68,Artificial,18.6,3,0,0,15,20,
After1,13-Dec-05,275,18 September 2006,Lake Macquarie,AR5,Sparidae,Pagrus auratus,AD,F,3,4.50,4.37,Artificial,18.6,3,0,0,15,20,
After1,13-Dec-05,275,18 September 2006,Lake Macquarie,AR2,Sparidae,Rhabdosargus sarba,JUV,F,2,5.22,4.97,Artificial,18.6,3,0,0,15,20,
After1,13-Dec-05,275,18 September 2006,Lake Macquarie,RC2,Sparidae,Acanthopagrus australis,JUV,"SC,F",5,20.65,8.17,Natural,18.6,3,0,0,15,20,
After1,13-Dec-05,275,18 September 2006,Lake Macquarie,AR3,Sparidae,Pagrus auratus,JUV,F,3,9.40,8.68,Artificial,18.6,3,0,0,15,20,
After1,13-Dec-05,275,18 September 2006,Lake Macquarie,SC3,Sparidae,Acanthopagrus australis,AD,"SC,F",4,11.87,10.35,Sand,18.6,3,0,0,15,20,
After1,13-Dec-05,275,18 September 2006,Lake Macquarie,AR5,Sparidae,Rhabdosargus sarba,JUV,F,2,13.85,12.42,Artificial,18.6,3,0,0,15,20,
After1,13-Dec-05,275,18 September 2006,Lake Macquarie,AR1,Sparidae,Pagrus auratus,JUV,"SC,F",4,11.78,15.03,Artificial,18.6,3,0,0,15,20,
After1,13-Dec-05,275,18 September 2006,Lake Macquarie,AR5,Sparidae,Acanthopagrus australis,AD,F,1,19.10,19.10,Artificial,18.6,3,0,0,15,20,
After1,13-Dec-05,275,18 September 2006,Lake Macquarie,AR6,Sparidae,Pagrus auratus,JUV,F,2,21.20,21.20,Artificial,18.6,3,0,0,15,20,
After1,13-Dec-05,298,11 October 2006,Lake Macquarie,AR5,Sparidae,Acanthopagrus australis,JUV,"P,SC",3,9.23,,Artificial,20.5,4,2.2,0,5,0,
After1,13-Dec-05,298,11 October 2006,Lake Macquarie,AR5,Sparidae,Pagrus auratus,AD,"P,SC",4,28.32,,Artificial,20.5,4,2.2,0,5,0,
After1,13-Dec-05,298,11 October 2006,Lake Macquarie,AR5,Sparidae,Rhabdosargus sarba,AD,"P,SC",1,11.77,,Artificial,20.5,4,2.2,0,5,0,
After1,13-Dec-05,298,11 October 2006,Lake Macquarie,SC3,Sparidae,Acanthopagrus australis,AD,"P,SC",4,27.07,,Sand,20.5,4,2.2,0,5,0,
After1,13-Dec-05,298,11 October 2006,Lake Macquarie,SC2,Sparidae,Acanthopagrus australis,AD,"P,SC",7,31.43,,Sand,20.5,4,2.2,0,5,0,
After1,13-Dec-05,298,11 October 2006,Lake Macquarie,RC3,Sparidae,Pagrus auratus,JUV,"P,SC",1,0.55,,Natural,20.5,4,2.2,0,5,0,
After1,13-Dec-05,298,11 October 2006,Lake Macquarie,AR4,Sparidae,Rhabdosargus sarba,JUV,"P,SC",1,14.40,,Artificial,20.5,4,2.2,0,5,0,
After1,13-Dec-05,298,11 October 2006,Lake Macquarie,AR1,Sparidae,Acanthopagrus australis,JUV,P,3,10.70,,Artificial,20.5,4,2.2,0,5,0,
After1,13-Dec-05,298,11 October 2006,Lake Macquarie,AR3,Sparidae,Pagrus auratus,JUV,F,3,0.25,0.17,Artificial,20.5,4,2.2,0,5,0,
After1,13-Dec-05,298,11 October 2006,Lake Macquarie,AR4,Sparidae,Pagrus auratus,JUV,F,1,0.53,0.50,Artificial,20.5,4,2.2,0,5,0,
After1,13-Dec-05,298,11 October 2006,Lake Macquarie,RC3,Sparidae,Acanthopagrus australis,AD,F,14,10.80,0.68,Natural,20.5,4,2.2,0,5,0,
After1,13-Dec-05,298,11 October 2006,Lake Macquarie,AR2,Sparidae,Pagrus auratus,JUV,"F,SC",5,11.78,2.02,Artificial,20.5,4,2.2,0,5,0,
After1,13-Dec-05,298,11 October 2006,Lake Macquarie,AR4,Sparidae,Acanthopagrus australis,AD,F,3,18.30,2.78,Artificial,20.5,4,2.2,0,5,0,
After1,13-Dec-05,298,11 October 2006,Lake Macquarie,AR6,Sparidae,Pagrus auratus,JUV,"F,SC",4,11.95,4.23,Artificial,20.5,4,2.2,0,5,0,
After1,13-Dec-05,298,11 October 2006,Lake Macquarie,RC3,Sparidae,Acanthopagrus australis,AD,"F,SC",11,10.80,4.58,Natural,20.5,4,2.2,0,5,0,
After1,13-Dec-05,298,11 October 2006,Lake Macquarie,RC3,Sparidae,Acanthopagrus australis,JUV,"F,SC",8,4.80,4.68,Natural,20.5,4,2.2,0,5,0,
After1,13-Dec-05,298,11 October 2006,Lake Macquarie,AR5,Sparidae,Pagrus auratus,JUV,F,5,28.55,6.13,Artificial,20.5,4,2.2,0,5,0,
After1,13-Dec-05,298,11 October 2006,Lake Macquarie,AR2,Sparidae,Rhabdosargus sarba,JUV,"F,SC",3,12.68,6.68,Artificial,20.5,4,2.2,0,5,0,
After1,13-Dec-05,298,11 October 2006,Lake Macquarie,SC1,Sparidae,Acanthopagrus australis,AD,"F,SC",3,4.77,6.78,Sand,20.5,4,2.2,0,5,0,
After1,13-Dec-05,298,11 October 2006,Lake Macquarie,AR1,Sparidae,Rhabdosargus sarba,AD,F,7,16.00,8.07,Artificial,20.5,4,2.2,0,5,0,
After1,13-Dec-05,298,11 October 2006,Lake Macquarie,AR5,Sparidae,Acanthopagrus australis,AD,F,5,11.57,8.27,Artificial,20.5,4,2.2,0,5,0,
After1,13-Dec-05,298,11 October 2006,Lake Macquarie,AR3,Sparidae,Acanthopagrus australis,JUV,"F,SC",1,0.80,8.28,Artificial,20.5,4,2.2,0,5,0,
After1,13-Dec-05,298,11 October 2006,Lake Macquarie,AR1,Sparidae,Pagrus auratus,AD,F,5,28.12,8.30,Artificial,20.5,4,2.2,0,5,0,
After1,13-Dec-05,298,11 October 2006,Lake Macquarie,AR1,Sparidae,Pagrus auratus,JUV,"F,SC",5,11.42,8.58,Artificial,20.5,4,2.2,0,5,0,
After1,13-Dec-05,298,11 October 2006,Lake Macquarie,AR2,Sparidae,Acanthopagrus australis,JUV,"F,SC",1,4.88,9.82,Artificial,20.5,4,2.2,0,5,0,
After1,13-Dec-05,298,11 October 2006,Lake Macquarie,AR1,Sparidae,Acanthopagrus australis,AD,F,3,10.90,10.90,Artificial,20.5,4,2.2,0,5,0,
After1,13-Dec-05,298,11 October 2006,Lake Macquarie,AR1,Sparidae,Rhabdosargus sarba,JUV,"F,SC",5,13.60,10.93,Artificial,20.5,4,2.2,0,5,0,
After1,13-Dec-05,298,11 October 2006,Lake Macquarie,AR2,Sparidae,Acanthopagrus australis,AD,"F,SC",1,21.67,21.67,Artificial,20.5,4,2.2,0,5,0,
After1,13-Dec-05,298,11 October 2006,Lake Macquarie,AR3,Sparidae,Acanthopagrus australis,AD,"F,SC",1,24.18,24.22,Artificial,20.5,4,2.2,0,5,0,
After1,13-Dec-05,298,11 October 2006,Lake Macquarie,SC3,Sparidae,Acanthopagrus australis,AD,F,4,27.02,24.83,Sand,20.5,4,2.2,0,5,0,
After1,13-Dec-05,298,11 October 2006,Lake Macquarie,AR5,Sparidae,Rhabdosargus sarba,JUV,F,2,29.38,27.62,Artificial,20.5,4,2.2,0,5,0,
After1,13-Dec-05,298,11 October 2006,Lake Macquarie,AR6,Sparidae,Acanthopagrus australis,JUV,F,1,30.62,30.62,Artificial,20.5,4,2.2,0,5,0,
After1,13-Dec-05,307,20 October 2006,Lake Macquarie,AR1,Sparidae,Pagrus auratus,JUV,P,4,14.27,,Artificial,21.6,4,4.17,0,5,100,
After1,13-Dec-05,307,20 October 2006,Lake Macquarie,AR2,Sparidae,Rhabdosargus sarba,AD,P,1,15.68,,Artificial,21.6,4,4.17,0,5,100,
After1,13-Dec-05,307,20 October 2006,Lake Macquarie,AR4,Sparidae,Pagrus auratus,JUV,P,1,0.90,,Artificial,21.6,4,4.17,0,5,100,
After1,13-Dec-05,307,20 October 2006,Lake Macquarie,RC2,Sparidae,Rhabdosargus sarba,JUV,P,2,8.72,,Natural,21.6,4,4.17,0,5,100,
After1,13-Dec-05,307,20 October 2006,Lake Macquarie,AR2,Sparidae,Pagrus auratus,JUV,F,5,8.23,0.80,Artificial,21.6,4,4.17,0,5,100,
After1,13-Dec-05,307,20 October 2006,Lake Macquarie,AR3,Sparidae,Pagrus auratus,JUV,F,2,1.90,1.38,Artificial,21.6,4,4.17,0,5,100,
After1,13-Dec-05,307,20 October 2006,Lake Macquarie,RC3,Sparidae,Acanthopagrus australis,AD,F,10,9.37,1.57,Natural,21.6,4,4.17,0,5,100,
After1,13-Dec-05,307,20 October 2006,Lake Macquarie,AR5,Sparidae,Pagrus auratus,JUV,F,3,4.30,2.05,Artificial,21.6,4,4.17,0,5,100,
After1,13-Dec-05,307,20 October 2006,Lake Macquarie,AR1,Sparidae,Rhabdosargus sarba,JUV,F,4,12.85,2.48,Artificial,21.6,4,4.17,0,5,100,
After1,13-Dec-05,307,20 October 2006,Lake Macquarie,SC2,Sparidae,Acanthopagrus australis,AD,F,3,27.70,2.48,Sand,21.6,4,4.17,0,5,100,
After1,13-Dec-05,307,20 October 2006,Lake Macquarie,AR6,Sparidae,Acanthopagrus australis,AD,F,3,19.38,4.03,Artificial,21.6,4,4.17,0,5,100,
After1,13-Dec-05,307,20 October 2006,Lake Macquarie,AR3,Sparidae,Acanthopagrus australis,AD,F,2,7.23,4.05,Artificial,21.6,4,4.17,0,5,100,
After1,13-Dec-05,307,20 October 2006,Lake Macquarie,AR5,Sparidae,Acanthopagrus australis,AD,F,2,5.83,4.33,Artificial,21.6,4,4.17,0,5,100,
After1,13-Dec-05,307,20 October 2006,Lake Macquarie,RC3,Sparidae,Pagrus auratus,JUV,F,2,4.72,4.68,Natural,21.6,4,4.17,0,5,100,
After1,13-Dec-05,307,20 October 2006,Lake Macquarie,AR4,Sparidae,Acanthopagrus australis,AD,F,2,6.78,6.70,Artificial,21.6,4,4.17,0,5,100,
After1,13-Dec-05,307,20 October 2006,Lake Macquarie,AR5,Sparidae,Rhabdosargus sarba,JUV,F,2,17.37,9.63,Artificial,21.6,4,4.17,0,5,100,
After1,13-Dec-05,307,20 October 2006,Lake Macquarie,SC1,Sparidae,Acanthopagrus australis,AD,F,5,18.88,11.43,Sand,21.6,4,4.17,0,5,100,
After1,13-Dec-05,307,20 October 2006,Lake Macquarie,SC3,Sparidae,Acanthopagrus australis,AD,F,5,26.78,11.47,Sand,21.6,4,4.17,0,5,100,
After1,13-Dec-05,323,6 November 2006,Lake Macquarie,AR2,Sparidae,Acanthopagrus australis,JUV,,1,12.18,12.22,Artificial,20.8,2,12.7,1,25,100,
After1,13-Dec-05,323,6 November 2006,Lake Macquarie,AR4,Sparidae,Rhabdosargus sarba,AD,,1,22.72,,Artificial,20.8,2,12.7,1,25,100,
After1,13-Dec-05,323,6 November 2006,Lake Macquarie,AR1,Sparidae,Rhabdosargus sarba,AD,,4,10.52,6.22,Artificial,20.8,2,12.7,1,25,100,
After1,13-Dec-05,323,6 November 2006,Lake Macquarie,AR1,Sparidae,Acanthopagrus australis,JUV,,4,24.82,,Artificial,20.8,2,12.7,1,25,100,
After1,13-Dec-05,323,6 November 2006,Lake Macquarie,AR2,Sparidae,Acanthopagrus australis,AD,,3,26.82,10.98,Artificial,20.8,2,12.7,1,25,100,
After1,13-Dec-05,323,6 November 2006,Lake Macquarie,AR2,Sparidae,Pagrus auratus,AD,,1,3.30,5.43,Artificial,20.8,2,12.7,1,25,100,
After1,13-Dec-05,323,6 November 2006,Lake Macquarie,AR3,Sparidae,Rhabdosargus sarba,AD,,4,18.77,9.42,Artificial,20.8,2,12.7,1,25,100,
After1,13-Dec-05,323,6 November 2006,Lake Macquarie,AR5,Sparidae,Pagrus auratus,AD,,3,11.95,9.02,Artificial,20.8,2,12.7,1,25,100,
After1,13-Dec-05,323,6 November 2006,Lake Macquarie,AR3,Sparidae,Pagrus auratus,JUV,,5,8.27,7.48,Artificial,20.8,2,12.7,1,25,100,
After1,13-Dec-05,323,6 November 2006,Lake Macquarie,AR5,Sparidae,Acanthopagrus australis,JUV,,3,5.75,2.37,Artificial,20.8,2,12.7,1,25,100,
After1,13-Dec-05,323,6 November 2006,Lake Macquarie,AR3,Sparidae,Rhabdosargus sarba,AD,,2,26.92,26.88,Artificial,20.8,2,12.7,1,25,100,
After1,13-Dec-05,323,6 November 2006,Lake Macquarie,AR3,Sparidae,Acanthopagrus australis,JUV,,4,22.00,14.97,Artificial,20.8,2,12.7,1,25,100,
After1,13-Dec-05,323,6 November 2006,Lake Macquarie,AR4,Sparidae,Acanthopagrus australis,AD,,3,21.35,16.40,Artificial,20.8,2,12.7,1,25,100,
After1,13-Dec-05,323,6 November 2006,Lake Macquarie,AR5,Sparidae,Acanthopagrus australis,AD,,3,12.52,9.93,Artificial,20.8,2,12.7,1,25,100,
After1,13-Dec-05,323,6 November 2006,Lake Macquarie,AR3,Sparidae,Acanthopagrus australis,AD,,2,27.58,27.58,Artificial,20.8,2,12.7,1,25,100,
After1,13-Dec-05,323,6 November 2006,Lake Macquarie,SC1,Sparidae,Acanthopagrus australis,JUV,,1,23.35,23.37,Sand,20.8,2,12.7,1,25,100,
After1,13-Dec-05,323,6 November 2006,Lake Macquarie,AR1,Sparidae,Acanthopagrus australis,AD,,4,19.10,1.50,Artificial,20.8,2,12.7,1,25,100,
After1,13-Dec-05,323,6 November 2006,Lake Macquarie,AR1,Sparidae,Pagrus auratus,JUV,,3,10.95,7.70,Artificial,20.8,2,12.7,1,25,100,
After1,13-Dec-05,323,6 November 2006,Lake Macquarie,SC2,Sparidae,Acanthopagrus australis,AD,,4,30.32,6.95,Sand,20.8,2,12.7,1,25,100,
After1,13-Dec-05,323,6 November 2006,Lake Macquarie,AR5,Sparidae,Rhabdosargus sarba,AD,,1,6.52,6.52,Artificial,20.8,2,12.7,1,25,100,
After1,13-Dec-05,323,6 November 2006,Lake Macquarie,SC1,Sparidae,Acanthopagrus australis,AD,,5,21.22,3.40,Sand,20.8,2,12.7,1,25,100,
After1,13-Dec-05,323,6 November 2006,Lake Macquarie,RC3,Sparidae,Acanthopagrus australis,JUV,,21,18.65,2.77,Natural,20.8,2,12.7,1,25,100,
After1,13-Dec-05,323,6 November 2006,Lake Macquarie,RC3,Sparidae,Acanthopagrus australis,AD,,4,11.37,2.72,Natural,20.8,2,12.7,1,25,100,
After1,13-Dec-05,323,6 November 2006,Lake Macquarie,AR6,Sparidae,Pagrus auratus,JUV,,1,1.43,2.48,Artificial,20.8,2,12.7,1,25,100,
After1,13-Dec-05,323,6 November 2006,Lake Macquarie,SC2,Sparidae,Pagrus auratus,JUV,,1,24.65,24.65,Sand,20.8,2,12.7,1,25,100,
After1,13-Dec-05,347,30 November 2006,Lake Macquarie,AR5,Sparidae,Pagrus auratus,AD,"P,SC",1,18.50,,Artificial,23.01,2,4.4,0,15,50,
After1,13-Dec-05,347,30 November 2006,Lake Macquarie,AR6,Sparidae,Pagrus auratus,AD,F,3,21.25,0.52,Artificial,23.01,2,4.4,0,15,50,
After1,13-Dec-05,347,30 November 2006,Lake Macquarie,AR3,Sparidae,Pagrus auratus,JUV,F,2,19.20,0.62,Artificial,23.01,2,4.4,0,15,50,
After1,13-Dec-05,347,30 November 2006,Lake Macquarie,AR6,Sparidae,Acanthopagrus australis,AD,F,3,21.45,0.80,Artificial,23.01,2,4.4,0,15,50,
After1,13-Dec-05,347,30 November 2006,Lake Macquarie,AR4,Sparidae,Pagrus auratus,JUV,"F,CI",4,14.22,0.97,Artificial,23.01,2,4.4,0,15,50,
After1,13-Dec-05,347,30 November 2006,Lake Macquarie,AR1,Sparidae,Acanthopagrus australis,AD,F,7,10.15,1.55,Artificial,23.01,2,4.4,0,15,50,
After1,13-Dec-05,347,30 November 2006,Lake Macquarie,AR1,Sparidae,Rhabdosargus sarba,AD,F,5,7.38,5.32,Artificial,23.01,2,4.4,0,15,50,
After1,13-Dec-05,347,30 November 2006,Lake Macquarie,AR1,Sparidae,Rhabdosargus sarba,JUV,F,3,7.00,6.15,Artificial,23.01,2,4.4,0,15,50,
After1,13-Dec-05,347,30 November 2006,Lake Macquarie,AR3,Sparidae,Acanthopagrus australis,AD,F,2,14.38,7.33,Artificial,23.01,2,4.4,0,15,50,
After1,13-Dec-05,347,30 November 2006,Lake Macquarie,AR4,Sparidae,Acanthopagrus australis,JUV,F,2,7.87,7.80,Artificial,23.01,2,4.4,0,15,50,
After1,13-Dec-05,347,30 November 2006,Lake Macquarie,AR5,Sparidae,Acanthopagrus australis,JUV,F,6,16.13,7.87,Artificial,23.01,2,4.4,0,15,50,
After1,13-Dec-05,347,30 November 2006,Lake Macquarie,AR5,Sparidae,Pagrus auratus,JUV,"SC,F",4,1.65,8.55,Artificial,23.01,2,4.4,0,15,50,
After1,13-Dec-05,347,30 November 2006,Lake Macquarie,AR2,Sparidae,Pagrus auratus,AD,"F,SC",3,22.60,8.83,Artificial,23.01,2,4.4,0,15,50,
After1,13-Dec-05,347,30 November 2006,Lake Macquarie,AR1,Sparidae,Pagrus auratus,JUV,F,3,8.83,8.97,Artificial,23.01,2,4.4,0,15,50,
After1,13-Dec-05,347,30 November 2006,Lake Macquarie,AR5,Sparidae,Acanthopagrus australis,AD,"F,SC",6,11.18,11.62,Artificial,23.01,2,4.4,0,15,50,
After1,13-Dec-05,347,30 November 2006,Lake Macquarie,AR4,Sparidae,Rhabdosargus sarba,JUV,P,7,25.67,15.78,Artificial,23.01,2,4.4,0,15,50,
After1,13-Dec-05,347,30 November 2006,Lake Macquarie,SC2,Sparidae,Pagrus auratus,JUV,"F,SC",1,21.53,21.62,Sand,23.01,2,4.4,0,15,50,
After2,13-Dec-05,651,4 October 2007,Lake Macquarie,SC1,Sparidae,Acanthopagrus australis,AD,"P,SC",2,15.97,,Sand,20.42,2,3,0,0,0,
After2,13-Dec-05,651,4 October 2007,Lake Macquarie,SC1,Sparidae,Acanthopagrus australis,JUV,"P,SC",4,7.05,,Sand,20.42,2,3,0,0,0,
After2,13-Dec-05,651,4 October 2007,Lake Macquarie,SC2,Sparidae,Acanthopagrus australis,JUV,"P,SC",3,2.05,,Sand,20.42,2,3,0,0,0,
After2,13-Dec-05,651,4 October 2007,Lake Macquarie,AR6,Sparidae,Acanthopagrus australis,JUV,"P,SC",4,7.63,,Artificial,20.42,2,3,0,0,0,
After2,13-Dec-05,651,4 October 2007,Lake Macquarie,AR6,Sparidae,Rhabdosargus sarba,JUV,"P,SC",2,8.72,,Artificial,20.42,2,3,0,0,0,
After2,13-Dec-05,651,4 October 2007,Lake Macquarie,AR4,Sparidae,Pagrus auratus,JUV,"P,SC",4,8.30,,Artificial,20.42,2,3,0,0,0,
After2,13-Dec-05,651,4 October 2007,Lake Macquarie,AR4,Sparidae,Rhabdosargus sarba,JUV,"P,SC",2,14.22,,Artificial,20.42,2,3,0,0,0,
After2,13-Dec-05,651,4 October 2007,Lake Macquarie,AR2,Sparidae,Acanthopagrus australis,JUV,"P,SC",9,16.45,,Artificial,20.42,2,3,0,0,0,
After2,13-Dec-05,651,4 October 2007,Lake Macquarie,AR2,Sparidae,Rhabdosargus sarba,JUV,"P,SC",1,16.25,,Artificial,20.42,2,3,0,0,0,
After2,13-Dec-05,651,4 October 2007,Lake Macquarie,RC3,Sparidae,Pagrus auratus,JUV,P,1,0.07,,Natural,20.42,2,3,0,0,0,
After2,13-Dec-05,651,4 October 2007,Lake Macquarie,AR1,Sparidae,Acanthopagrus australis,AD,P,3,25.10,,Artificial,20.42,2,3,0,0,0,
After2,13-Dec-05,651,4 October 2007,Lake Macquarie,AR1,Sparidae,Rhabdosargus sarba,AD,P,1,5.52,,Artificial,20.42,2,3,0,0,0,
After2,13-Dec-05,651,4 October 2007,Lake Macquarie,RC2,Sparidae,Acanthopagrus australis,JUV,P,3,11.18,,Natural,20.42,2,3,0,0,0,
After2,13-Dec-05,651,4 October 2007,Lake Macquarie,RC2,Sparidae,Rhabdosargus sarba,AD,"P,SC",1,23.53,,Natural,20.42,2,3,0,0,0,
After2,13-Dec-05,651,4 October 2007,Lake Macquarie,RC2,Sparidae,Rhabdosargus sarba,JUV,"P,SC",2,22.98,,Natural,20.42,2,3,0,0,0,
After2,13-Dec-05,651,4 October 2007,Lake Macquarie,RC3,Sparidae,Acanthopagrus australis,AD,F,12,10.32,0.63,Natural,20.42,2,3,0,0,0,
After2,13-Dec-05,651,4 October 2007,Lake Macquarie,AR4,Sparidae,Acanthopagrus australis,AD,"F,SC",4,15.92,1.03,Artificial,20.42,2,3,0,0,0,
After2,13-Dec-05,651,4 October 2007,Lake Macquarie,RC3,Sparidae,Acanthopagrus australis,JUV,F,7,8.12,1.48,Natural,20.42,2,3,0,0,0,
After2,13-Dec-05,651,4 October 2007,Lake Macquarie,RC3,Sparidae,Rhabdosargus sarba,AD,"F,SC",2,1.30,4.25,Natural,20.42,2,3,0,0,0,
After2,13-Dec-05,651,4 October 2007,Lake Macquarie,AR6,Sparidae,Pagrus auratus,AD,F,1,0.85,7.28,Artificial,20.42,2,3,0,0,0,
After2,13-Dec-05,651,4 October 2007,Lake Macquarie,RC3,Sparidae,Rhabdosargus sarba,JUV,"F,SC",3,9.67,9.57,Natural,20.42,2,3,0,0,0,
After2,13-Dec-05,651,4 October 2007,Lake Macquarie,RC2,Sparidae,Pagrus auratus,JUV,"F,SC",2,14.88,15.72,Natural,20.42,2,3,0,0,0,
After2,13-Dec-05,651,4 October 2007,Lake Macquarie,SC2,Sparidae,Acanthopagrus australis,AD,"F,SC",5,15.45,20.45,Sand,20.42,2,3,0,0,0,
After2,13-Dec-05,651,4 October 2007,Lake Macquarie,SC2,Sparidae,Rhabdosargus sarba,JUV,F,1,23.28,23.28,Sand,20.42,2,3,0,0,0,
After2,13-Dec-05,652,5 October 2007,Lake Macquarie,SC1,Sparidae,Acanthopagrus australis,AD,P,1,15.93,,Sand,20.42,5,3,0,0,0,
After2,13-Dec-05,652,5 October 2007,Lake Macquarie,AR5,Sparidae,Acanthopagrus australis,AD,P,1,4.17,,Artificial,20.42,5,3,0,0,0,
After2,13-Dec-05,652,5 October 2007,Lake Macquarie,AR1,Sparidae,Pagrus auratus,JUV,P,3,0.25,,Artificial,20.42,5,3,0,0,0,
After2,13-Dec-05,652,5 October 2007,Lake Macquarie,RC3,Sparidae,Acanthopagrus australis,AD,F,10,1.75,0.22,Natural,20.42,5,3,0,0,0,
After2,13-Dec-05,652,5 October 2007,Lake Macquarie,RC3,Sparidae,Acanthopagrus australis,JUV,F,12,14.10,0.55,Natural,20.42,5,3,0,0,0,
After2,13-Dec-05,652,5 October 2007,Lake Macquarie,RC3,Sparidae,Rhabdosargus sarba,AD,F,6,8.20,0.72,Natural,20.42,5,3,0,0,0,
After2,13-Dec-05,652,5 October 2007,Lake Macquarie,AR4,Sparidae,Acanthopagrus australis,AD,F,3,18.75,1.08,Artificial,20.42,5,3,0,0,0,
After2,13-Dec-05,652,5 October 2007,Lake Macquarie,AR4,Sparidae,Pagrus auratus,JUV,F,7,3.38,1.88,Artificial,20.42,5,3,0,0,0,
After2,13-Dec-05,652,5 October 2007,Lake Macquarie,AR1,Sparidae,Rhabdosargus sarba,JUV,F,3,2.92,2.37,Artificial,20.42,5,3,0,0,0,
After2,13-Dec-05,652,5 October 2007,Lake Macquarie,AR3,Sparidae,Pagrus auratus,JUV,F,4,2.38,2.43,Artificial,20.42,5,3,0,0,0,
After2,13-Dec-05,652,5 October 2007,Lake Macquarie,AR3,Sparidae,Rhabdosargus sarba,JUV,F,4,6.12,2.50,Artificial,20.42,5,3,0,0,0,
After2,13-Dec-05,652,5 October 2007,Lake Macquarie,AR2,Sparidae,Rhabdosargus sarba,AD,F,5,7.57,2.60,Artificial,20.42,5,3,0,0,0,
After2,13-Dec-05,652,5 October 2007,Lake Macquarie,AR4,Sparidae,Rhabdosargus sarba,JUV,F,2,2.77,2.77,Artificial,20.42,5,3,0,0,0,
After2,13-Dec-05,652,5 October 2007,Lake Macquarie,AR6,Sparidae,Rhabdosargus sarba,JUV,F,2,19.63,3.05,Artificial,20.42,5,3,0,0,0,
After2,13-Dec-05,652,5 October 2007,Lake Macquarie,SC2,Sparidae,Acanthopagrus australis,AD,F,5,5.13,3.68,Sand,20.42,5,3,0,0,0,
After2,13-Dec-05,652,5 October 2007,Lake Macquarie,RC2,Sparidae,Pagrus auratus,JUV,F,3,6.40,5.02,Natural,20.42,5,3,0,0,0,
After2,13-Dec-05,652,5 October 2007,Lake Macquarie,RC2,Sparidae,Acanthopagrus australis,AD,F,7,7.68,5.22,Natural,20.42,5,3,0,0,0,
After2,13-Dec-05,652,5 October 2007,Lake Macquarie,AR3,Sparidae,Rhabdosargus sarba,AD,F,1,5.48,5.50,Artificial,20.42,5,3,0,0,0,
After2,13-Dec-05,652,5 October 2007,Lake Macquarie,AR3,Sparidae,Acanthopagrus australis,AD,F,4,6.53,6.43,Artificial,20.42,5,3,0,0,0,
After2,13-Dec-05,652,5 October 2007,Lake Macquarie,AR2,Sparidae,Acanthopagrus australis,AD,F,8,18.78,6.67,Artificial,20.42,5,3,0,0,0,
After2,13-Dec-05,652,5 October 2007,Lake Macquarie,AR2,Sparidae,Rhabdosargus sarba,JUV,F,2,16.18,7.50,Artificial,20.42,5,3,0,0,0,
After2,13-Dec-05,652,5 October 2007,Lake Macquarie,AR6,Sparidae,Pagrus auratus,JUV,F,1,8.78,8.80,Artificial,20.42,5,3,0,0,0,
After2,13-Dec-05,652,5 October 2007,Lake Macquarie,RC1,Sparidae,Rhabdosargus sarba,AD,F,1,11.23,11.30,Natural,20.42,5,3,0,0,0,
After2,13-Dec-05,652,5 October 2007,Lake Macquarie,AR1,Sparidae,Acanthopagrus australis,AD,F,15,20.63,12.45,Artificial,20.42,5,3,0,0,0,
After2,13-Dec-05,652,5 October 2007,Lake Macquarie,AR4,Sparidae,Acanthopagrus australis,JUV,F,1,13.62,13.65,Artificial,20.42,5,3,0,0,0,
After2,13-Dec-05,652,5 October 2007,Lake Macquarie,RC2,Sparidae,Rhabdosargus sarba,JUV,F,2,14.20,14.12,Natural,20.42,5,3,0,0,0,
After2,13-Dec-05,652,5 October 2007,Lake Macquarie,AR1,Sparidae,Rhabdosargus sarba,AD,F,2,1.83,14.33,Artificial,20.42,5,3,0,0,0,
After2,13-Dec-05,652,5 October 2007,Lake Macquarie,SC3,Sparidae,Acanthopagrus australis,AD,F,7,25.65,18.07,Sand,20.42,5,3,0,0,0,
After2,13-Dec-05,652,5 October 2007,Lake Macquarie,RC2,Sparidae,Rhabdosargus sarba,AD,F,1,18.97,18.98,Natural,20.42,5,3,0,0,0,
After2,13-Dec-05,652,5 October 2007,Lake Macquarie,AR6,Sparidae,Acanthopagrus australis,AD,F,2,19.72,22.27,Artificial,20.42,5,3,0,0,0,
After2,13-Dec-05,652,5 October 2007,Lake Macquarie,RC1,Sparidae,Acanthopagrus australis,AD,F,1,21.48,26.37,Natural,20.42,5,3,0,0,0,
After2,13-Dec-05,652,5 October 2007,Lake Macquarie,AR4,Sparidae,Rhabdosargus sarba,AD,F,2,27.47,27.37,Artificial,20.42,5,3,0,0,0,
After2,13-Dec-05,672,25 October 2007,Lake Macquarie,SC3,Sparidae,Rhabdosargus sarba,AD,"P,SC",2,26.77,,Sand,22.09,2,4.6,0,0,40,
After2,13-Dec-05,672,25 October 2007,Lake Macquarie,SC2,Sparidae,Acanthopagrus australis,AD,"P,SC",2,18.40,,Sand,22.09,2,4.6,0,0,40,
After2,13-Dec-05,672,25 October 2007,Lake Macquarie,SC2,Sparidae,Rhabdosargus sarba,AD,P,1,15.12,,Sand,22.09,2,4.6,0,0,40,
After2,13-Dec-05,672,25 October 2007,Lake Macquarie,SC1,Sparidae,Acanthopagrus australis,AD,"P,SC",4,26.08,,Sand,22.09,2,4.6,0,0,40,
After2,13-Dec-05,672,25 October 2007,Lake Macquarie,RC1,Sparidae,Acanthopagrus australis,AD,P,2,4.50,,Natural,22.09,2,4.6,0,0,40,
After2,13-Dec-05,672,25 October 2007,Lake Macquarie,AR6,Sparidae,Pagrus auratus,AD,"P,SC",1,3.70,,Artificial,22.09,2,4.6,0,0,40,
After2,13-Dec-05,672,25 October 2007,Lake Macquarie,AR5,Sparidae,Acanthopagrus australis,AD,P,3,11.82,,Artificial,22.09,2,4.6,0,0,40,
After2,13-Dec-05,672,25 October 2007,Lake Macquarie,AR5,Sparidae,Pagrus auratus,JUV,P,1,2.65,,Artificial,22.09,2,4.6,0,0,40,
After2,13-Dec-05,672,25 October 2007,Lake Macquarie,RC3,Sparidae,Pagrus auratus,JUV,"P,SC",1,25.78,,Natural,22.09,2,4.6,0,0,40,
After2,13-Dec-05,672,25 October 2007,Lake Macquarie,AR4,Sparidae,Pagrus auratus,JUV,"F,SC",6,1.68,0.47,Artificial,22.09,2,4.6,0,0,40,
After2,13-Dec-05,672,25 October 2007,Lake Macquarie,RC3,Sparidae,Acanthopagrus australis,AD,F,7,9.05,0.57,Natural,22.09,2,4.6,0,0,40,
After2,13-Dec-05,672,25 October 2007,Lake Macquarie,AR4,Sparidae,Rhabdosargus sarba,JUV,F,3,2.93,0.83,Artificial,22.09,2,4.6,0,0,40,
After2,13-Dec-05,672,25 October 2007,Lake Macquarie,RC3,Sparidae,Acanthopagrus australis,JUV,"F,SC",11,8.02,0.92,Natural,22.09,2,4.6,0,0,40,
After2,13-Dec-05,672,25 October 2007,Lake Macquarie,AR6,Sparidae,Acanthopagrus australis,JUV,F,2,18.08,1.03,Artificial,22.09,2,4.6,0,0,40,
After2,13-Dec-05,672,25 October 2007,Lake Macquarie,AR3,Sparidae,Acanthopagrus australis,AD,"F,SC",7,22.35,1.30,Artificial,22.09,2,4.6,0,0,40,
After2,13-Dec-05,672,25 October 2007,Lake Macquarie,AR3,Sparidae,Acanthopagrus australis,JUV,"F,SC",4,14.32,1.48,Artificial,22.09,2,4.6,0,0,40,
After2,13-Dec-05,672,25 October 2007,Lake Macquarie,AR6,Sparidae,Acanthopagrus australis,AD,F,3,2.12,2.10,Artificial,22.09,2,4.6,0,0,40,
After2,13-Dec-05,672,25 October 2007,Lake Macquarie,AR4,Sparidae,Acanthopagrus australis,JUV,F,5,28.22,2.22,Artificial,22.09,2,4.6,0,0,40,
After2,13-Dec-05,672,25 October 2007,Lake Macquarie,AR4,Sparidae,Rhabdosargus sarba,AD,F,3,6.42,3.17,Artificial,22.09,2,4.6,0,0,40,
After2,13-Dec-05,672,25 October 2007,Lake Macquarie,AR2,Sparidae,Pagrus auratus,AD,F,6,8.42,3.33,Artificial,22.09,2,4.6,0,0,40,
After2,13-Dec-05,672,25 October 2007,Lake Macquarie,RC3,Sparidae,Rhabdosargus sarba,JUV,F,2,3.38,3.48,Natural,22.09,2,4.6,0,0,40,
After2,13-Dec-05,672,25 October 2007,Lake Macquarie,AR4,Sparidae,Acanthopagrus australis,AD,F,4,24.60,3.63,Artificial,22.09,2,4.6,0,0,40,
After2,13-Dec-05,672,25 October 2007,Lake Macquarie,AR2,Sparidae,Rhabdosargus sarba,AD,"F,SC",5,9.65,5.92,Artificial,22.09,2,4.6,0,0,40,
After2,13-Dec-05,672,25 October 2007,Lake Macquarie,AR1,Sparidae,Pagrus auratus,JUV,F,2,6.05,6.08,Artificial,22.09,2,4.6,0,0,40,
After2,13-Dec-05,672,25 October 2007,Lake Macquarie,RC3,Sparidae,Rhabdosargus sarba,AD,F,4,6.40,6.37,Natural,22.09,2,4.6,0,0,40,
After2,13-Dec-05,672,25 October 2007,Lake Macquarie,AR2,Sparidae,Acanthopagrus australis,AD,F,6,22.08,7.32,Artificial,22.09,2,4.6,0,0,40,
After2,13-Dec-05,672,25 October 2007,Lake Macquarie,AR3,Sparidae,Rhabdosargus sarba,AD,"F,SC",5,16.15,9.20,Artificial,22.09,2,4.6,0,0,40,
After2,13-Dec-05,672,25 October 2007,Lake Macquarie,AR3,Sparidae,Pagrus auratus,JUV,F,2,9.85,9.83,Artificial,22.09,2,4.6,0,0,40,
After2,13-Dec-05,672,25 October 2007,Lake Macquarie,AR6,Sparidae,Rhabdosargus sarba,JUV,"F,SC",3,18.33,10.15,Artificial,22.09,2,4.6,0,0,40,
After2,13-Dec-05,672,25 October 2007,Lake Macquarie,SC2,Sparidae,Pagrus auratus,JUV,"F,SC",3,15.17,11.03,Sand,22.09,2,4.6,0,0,40,
After2,13-Dec-05,672,25 October 2007,Lake Macquarie,AR2,Sparidae,Acanthopagrus australis,JUV,"F,SC",3,22.17,12.38,Artificial,22.09,2,4.6,0,0,40,
After2,13-Dec-05,672,25 October 2007,Lake Macquarie,AR1,Sparidae,Acanthopagrus australis,JUV,F,1,14.85,14.85,Artificial,22.09,2,4.6,0,0,40,
After2,13-Dec-05,672,25 October 2007,Lake Macquarie,AR2,Sparidae,Rhabdosargus sarba,JUV,F,4,17.87,17.85,Artificial,22.09,2,4.6,0,0,40,
After2,13-Dec-05,672,25 October 2007,Lake Macquarie,SC3,Sparidae,Acanthopagrus australis,AD,"F,SC",6,24.75,19.42,Sand,22.09,2,4.6,0,0,40,
After2,13-Dec-05,673,26 October 2007,Lake Macquarie,AR6,Sparidae,Pagrus auratus,JUV,P,1,9.62,,Artificial,23.09,2,3.5,0,0,30,
After2,13-Dec-05,673,26 October 2007,Lake Macquarie,AR3,Sparidae,Pagrus auratus,JUV,P,1,2.50,,Artificial,23.09,2,3.5,0,0,30,
After2,13-Dec-05,673,26 October 2007,Lake Macquarie,AR2,Sparidae,Pagrus auratus,JUV,F,5,1.22,0.08,Artificial,23.09,2,3.5,0,0,30,
After2,13-Dec-05,673,26 October 2007,Lake Macquarie,AR2,Sparidae,Rhabdosargus sarba,JUV,F,4,13.28,0.25,Artificial,23.09,2,3.5,0,0,30,
After2,13-Dec-05,673,26 October 2007,Lake Macquarie,AR2,Sparidae,Acanthopagrus australis,JUV,F,2,0.55,0.40,Artificial,23.09,2,3.5,0,0,30,
After2,13-Dec-05,673,26 October 2007,Lake Macquarie,RC3,Sparidae,Acanthopagrus australis,AD,F,13,17.67,0.43,Natural,23.09,2,3.5,0,0,30,
After2,13-Dec-05,673,26 October 2007,Lake Macquarie,AR5,Sparidae,Acanthopagrus australis,JUV,F,1,0.57,0.57,Artificial,23.09,2,3.5,0,0,30,
After2,13-Dec-05,673,26 October 2007,Lake Macquarie,AR4,Sparidae,Pagrus auratus,JUV,F,4,7.72,1.13,Artificial,23.09,2,3.5,0,0,30,
After2,13-Dec-05,673,26 October 2007,Lake Macquarie,AR1,Sparidae,Pagrus auratus,JUV,F,1,1.13,1.13,Artificial,23.09,2,3.5,0,0,30,
After2,13-Dec-05,673,26 October 2007,Lake Macquarie,AR5,Sparidae,Rhabdosargus sarba,JUV,F,3,7.17,1.22,Artificial,23.09,2,3.5,0,0,30,
After2,13-Dec-05,673,26 October 2007,Lake Macquarie,AR5,Sparidae,Pagrus auratus,JUV,F,3,21.90,1.38,Artificial,23.09,2,3.5,0,0,30,
After2,13-Dec-05,673,26 October 2007,Lake Macquarie,AR4,Sparidae,Acanthopagrus australis,AD,F,11,16.38,1.55,Artificial,23.09,2,3.5,0,0,30,
After2,13-Dec-05,673,26 October 2007,Lake Macquarie,AR4,Sparidae,Rhabdosargus sarba,AD,F,3,8.02,2.45,Artificial,23.09,2,3.5,0,0,30,
After2,13-Dec-05,673,26 October 2007,Lake Macquarie,AR2,Sparidae,Acanthopagrus australis,AD,F,5,24.55,3.10,Artificial,23.09,2,3.5,0,0,30,
After2,13-Dec-05,673,26 October 2007,Lake Macquarie,AR2,Sparidae,Rhabdosargus sarba,AD,F,7,20.98,4.23,Artificial,23.09,2,3.5,0,0,30,
After2,13-Dec-05,673,26 October 2007,Lake Macquarie,AR3,Sparidae,Acanthopagrus australis,AD,F,6,19.77,6.28,Artificial,23.09,2,3.5,0,0,30,
After2,13-Dec-05,673,26 October 2007,Lake Macquarie,SC2,Sparidae,Acanthopagrus australis,AD,F,6,20.03,6.35,Sand,23.09,2,3.5,0,0,30,
After2,13-Dec-05,673,26 October 2007,Lake Macquarie,AR4,Sparidae,Acanthopagrus australis,JUV,F,2,8.45,8.43,Artificial,23.09,2,3.5,0,0,30,
After2,13-Dec-05,673,26 October 2007,Lake Macquarie,AR3,Sparidae,Rhabdosargus sarba,AD,F,2,4.45,8.82,Artificial,23.09,2,3.5,0,0,30,
After2,13-Dec-05,673,26 October 2007,Lake Macquarie,SC2,Sparidae,Rhabdosargus sarba,AD,F,4,18.32,9.70,Sand,23.09,2,3.5,0,0,30,
After2,13-Dec-05,673,26 October 2007,Lake Macquarie,AR3,Sparidae,Rhabdosargus sarba,JUV,F,3,10.95,10.93,Artificial,23.09,2,3.5,0,0,30,
After2,13-Dec-05,673,26 October 2007,Lake Macquarie,AR3,Sparidae,Acanthopagrus australis,JUV,F,4,13.15,13.12,Artificial,23.09,2,3.5,0,0,30,
After2,13-Dec-05,673,26 October 2007,Lake Macquarie,AR1,Sparidae,Rhabdosargus sarba,JUV,F,3,18.38,16.27,Artificial,23.09,2,3.5,0,0,30,
After2,13-Dec-05,673,26 October 2007,Lake Macquarie,AR1,Sparidae,Rhabdosargus sarba,AD,F,3,19.62,18.57,Artificial,23.09,2,3.5,0,0,30,
After2,13-Dec-05,673,26 October 2007,Lake Macquarie,RC3,Sparidae,Rhabdosargus sarba,AD,F,3,18.77,18.70,Natural,23.09,2,3.5,0,0,30,
After2,13-Dec-05,673,26 October 2007,Lake Macquarie,AR1,Sparidae,Acanthopagrus australis,AD,F,7,27.02,18.73,Artificial,23.09,2,3.5,0,0,30,
After2,13-Dec-05,673,26 October 2007,Lake Macquarie,SC2,Sparidae,Rhabdosargus sarba,JUV,F,1,24.72,24.73,Sand,23.09,2,3.5,0,0,30,
After2,13-Dec-05,685,8 November 2007,Lake Macquarie,AR2,Sparidae,Pagrus auratus,JUV,P,3,7.18,,Artificial,23.09,3,3.96,1,10,100,
After2,13-Dec-05,685,8 November 2007,Lake Macquarie,RC2,Sparidae,Acanthopagrus australis,AD,P,1,18.43,,Natural,23.09,3,3.96,1,10,100,
After2,13-Dec-05,685,8 November 2007,Lake Macquarie,RC3,Sparidae,Acanthopagrus australis,AD,F,11,13.02,0.20,Natural,23.09,3,3.96,1,10,100,
After2,13-Dec-05,685,8 November 2007,Lake Macquarie,AR1,Sparidae,Acanthopagrus australis,JUV,F,4,5.72,0.20,Artificial,23.09,3,3.96,1,10,100,
After2,13-Dec-05,685,8 November 2007,Lake Macquarie,AR4,Sparidae,Acanthopagrus australis,AD,F,10,29.57,0.22,Artificial,23.09,3,3.96,1,10,100,
After2,13-Dec-05,685,8 November 2007,Lake Macquarie,AR2,Sparidae,Acanthopagrus australis,AD,F,6,22.73,0.23,Artificial,23.09,3,3.96,1,10,100,
After2,13-Dec-05,685,8 November 2007,Lake Macquarie,AR2,Sparidae,Acanthopagrus australis,JUV,F,4,9.70,0.28,Artificial,23.09,3,3.96,1,10,100,
After2,13-Dec-05,685,8 November 2007,Lake Macquarie,AR3,Sparidae,Rhabdosargus sarba,AD,F,5,0.57,0.35,Artificial,23.09,3,3.96,1,10,100,
After2,13-Dec-05,685,8 November 2007,Lake Macquarie,AR4,Sparidae,Rhabdosargus sarba,JUV,F,6,15.65,0.42,Artificial,23.09,3,3.96,1,10,100,
After2,13-Dec-05,685,8 November 2007,Lake Macquarie,AR2,Sparidae,Rhabdosargus sarba,AD,F,5,15.18,0.48,Artificial,23.09,3,3.96,1,10,100,
After2,13-Dec-05,685,8 November 2007,Lake Macquarie,AR3,Sparidae,Rhabdosargus sarba,JUV,F,3,3.13,0.85,Artificial,23.09,3,3.96,1,10,100,
After2,13-Dec-05,685,8 November 2007,Lake Macquarie,AR6,Sparidae,Acanthopagrus australis,AD,F,5,24.42,0.97,Artificial,23.09,3,3.96,1,10,100,
After2,13-Dec-05,685,8 November 2007,Lake Macquarie,AR3,Sparidae,Acanthopagrus australis,AD,F,4,2.50,1.02,Artificial,23.09,3,3.96,1,10,100,
After2,13-Dec-05,685,8 November 2007,Lake Macquarie,RC3,Sparidae,Acanthopagrus australis,JUV,F,5,0.08,1.03,Natural,23.09,3,3.96,1,10,100,
After2,13-Dec-05,685,8 November 2007,Lake Macquarie,AR3,Sparidae,Acanthopagrus australis,JUV,F,4,10.13,1.32,Artificial,23.09,3,3.96,1,10,100,
After2,13-Dec-05,685,8 November 2007,Lake Macquarie,AR1,Sparidae,Pagrus auratus,JUV,F,3,3.30,2.03,Artificial,23.09,3,3.96,1,10,100,
After2,13-Dec-05,685,8 November 2007,Lake Macquarie,AR3,Sparidae,Pagrus auratus,JUV,F,3,9.40,2.03,Artificial,23.09,3,3.96,1,10,100,
After2,13-Dec-05,685,8 November 2007,Lake Macquarie,AR1,Sparidae,Rhabdosargus sarba,JUV,F,4,29.03,2.12,Artificial,23.09,3,3.96,1,10,100,
After2,13-Dec-05,685,8 November 2007,Lake Macquarie,AR1,Sparidae,Acanthopagrus australis,AD,F,5,16.72,2.82,Artificial,23.09,3,3.96,1,10,100,
After2,13-Dec-05,685,8 November 2007,Lake Macquarie,AR4,Sparidae,Pagrus auratus,JUV,F,4,0.53,3.08,Artificial,23.09,3,3.96,1,10,100,
After2,13-Dec-05,685,8 November 2007,Lake Macquarie,AR5,Sparidae,Pagrus auratus,JUV,F,1,2.82,3.13,Artificial,23.09,3,3.96,1,10,100,
After2,13-Dec-05,685,8 November 2007,Lake Macquarie,SC2,Sparidae,Pagrus auratus,JUV,F,3,23.63,3.65,Sand,23.09,3,3.96,1,10,100,
After2,13-Dec-05,685,8 November 2007,Lake Macquarie,AR5,Sparidae,Acanthopagrus australis,AD,F,1,4.50,4.50,Artificial,23.09,3,3.96,1,10,100,
After2,13-Dec-05,685,8 November 2007,Lake Macquarie,AR1,Sparidae,Rhabdosargus sarba,AD,F,5,16.78,6.57,Artificial,23.09,3,3.96,1,10,100,
After2,13-Dec-05,685,8 November 2007,Lake Macquarie,RC3,Sparidae,Rhabdosargus sarba,AD,F,4,10.23,6.58,Natural,23.09,3,3.96,1,10,100,
After2,13-Dec-05,685,8 November 2007,Lake Macquarie,AR6,Sparidae,Rhabdosargus sarba,AD,F,2,9.95,7.15,Artificial,23.09,3,3.96,1,10,100,
After2,13-Dec-05,685,8 November 2007,Lake Macquarie,AR6,Sparidae,Rhabdosargus sarba,JUV,F,2,16.50,16.50,Artificial,23.09,3,3.96,1,10,100,
After2,13-Dec-05,685,8 November 2007,Lake Macquarie,RC1,Sparidae,Acanthopagrus australis,JUV,F,3,16.87,16.95,Natural,23.09,3,3.96,1,10,100,
After2,13-Dec-05,685,8 November 2007,Lake Macquarie,SC2,Sparidae,Rhabdosargus sarba,AD,F,3,14.35,19.63,Sand,23.09,3,3.96,1,10,100,
After2,13-Dec-05,685,8 November 2007,Lake Macquarie,SC1,Sparidae,Acanthopagrus australis,JUV,F,3,19.15,20.65,Sand,23.09,3,3.96,1,10,100,
After2,13-Dec-05,685,8 November 2007,Lake Macquarie,AR5,Sparidae,Acanthopagrus australis,JUV,F,1,23.43,23.43,Artificial,23.09,3,3.96,1,10,100,
After2,13-Dec-05,685,8 November 2007,Lake Macquarie,AR6,Sparidae,Pagrus auratus,JUV,F,2,28.22,28.33,Artificial,23.09,3,3.96,1,10,100,
After2,13-Dec-05,685,8 November 2007,Lake Macquarie,SC1,Sparidae,Rhabdosargus sarba,AD,F,2,29.52,28.52,Sand,23.09,3,3.96,1,10,100,
After2,13-Dec-05,686,9 November 2007,Lake Macquarie,SC2,Sparidae,Acanthopagrus australis,AD,P,2,26.23,,Sand,23.09,3,7.8,0,10,100,
After2,13-Dec-05,686,9 November 2007,Lake Macquarie,RC2,Sparidae,Acanthopagrus australis,AD,P,1,16.35,,Natural,23.09,3,7.8,0,10,100,
After2,13-Dec-05,686,9 November 2007,Lake Macquarie,AR1,Sparidae,Acanthopagrus australis,AD,F,8,30.15,0.07,Artificial,23.09,3,7.8,0,10,100,
After2,13-Dec-05,686,9 November 2007,Lake Macquarie,RC3,Sparidae,Acanthopagrus australis,AD,F,13,11.22,0.12,Natural,23.09,3,7.8,0,10,100,
After2,13-Dec-05,686,9 November 2007,Lake Macquarie,RC3,Sparidae,Acanthopagrus australis,JUV,F,6,25.48,0.23,Natural,23.09,3,7.8,0,10,100,
After2,13-Dec-05,686,9 November 2007,Lake Macquarie,AR2,Sparidae,Acanthopagrus australis,AD,F,7,25.13,0.25,Artificial,23.09,3,7.8,0,10,100,
After2,13-Dec-05,686,9 November 2007,Lake Macquarie,AR5,Sparidae,Acanthopagrus australis,AD,F,6,2.28,0.30,Artificial,23.09,3,7.8,0,10,100,
After2,13-Dec-05,686,9 November 2007,Lake Macquarie,AR3,Sparidae,Rhabdosargus sarba,AD,F,6,3.70,0.30,Artificial,23.09,3,7.8,0,10,100,
After2,13-Dec-05,686,9 November 2007,Lake Macquarie,AR1,Sparidae,Rhabdosargus sarba,AD,F,3,0.85,0.45,Artificial,23.09,3,7.8,0,10,100,
After2,13-Dec-05,686,9 November 2007,Lake Macquarie,AR5,Sparidae,Rhabdosargus sarba,JUV,F,4,21.45,0.47,Artificial,23.09,3,7.8,0,10,100,
After2,13-Dec-05,686,9 November 2007,Lake Macquarie,AR3,Sparidae,Acanthopagrus australis,AD,F,10,25.98,0.58,Artificial,23.09,3,7.8,0,10,100,
After2,13-Dec-05,686,9 November 2007,Lake Macquarie,RC3,Sparidae,Rhabdosargus sarba,AD,F,5,10.17,0.65,Natural,23.09,3,7.8,0,10,100,
After2,13-Dec-05,686,9 November 2007,Lake Macquarie,AR5,Sparidae,Rhabdosargus sarba,AD,F,4,2.20,0.68,Artificial,23.09,3,7.8,0,10,100,
After2,13-Dec-05,686,9 November 2007,Lake Macquarie,AR6,Sparidae,Pagrus auratus,JUV,F,3,8.40,0.80,Artificial,23.09,3,7.8,0,10,100,
After2,13-Dec-05,686,9 November 2007,Lake Macquarie,AR2,Sparidae,Rhabdosargus sarba,JUV,F,4,17.15,0.90,Artificial,23.09,3,7.8,0,10,100,
After2,13-Dec-05,686,9 November 2007,Lake Macquarie,AR1,Sparidae,Rhabdosargus sarba,JUV,F,5,19.68,0.97,Artificial,23.09,3,7.8,0,10,100,
After2,13-Dec-05,686,9 November 2007,Lake Macquarie,AR5,Sparidae,Pagrus auratus,AD,F,4,6.52,1.18,Artificial,23.09,3,7.8,0,10,100,
After2,13-Dec-05,686,9 November 2007,Lake Macquarie,AR1,Sparidae,Acanthopagrus australis,JUV,F,4,1.28,1.28,Artificial,23.09,3,7.8,0,10,100,
After2,13-Dec-05,686,9 November 2007,Lake Macquarie,AR3,Sparidae,Rhabdosargus sarba,JUV,F,3,19.08,1.30,Artificial,23.09,3,7.8,0,10,100,
After2,13-Dec-05,686,9 November 2007,Lake Macquarie,AR6,Sparidae,Rhabdosargus sarba,AD,F,7,7.63,1.30,Artificial,23.09,3,7.8,0,10,100,
After2,13-Dec-05,686,9 November 2007,Lake Macquarie,AR3,Sparidae,Pagrus auratus,JUV,F,3,7.92,1.60,Artificial,23.09,3,7.8,0,10,100,
After2,13-Dec-05,686,9 November 2007,Lake Macquarie,AR1,Sparidae,Pagrus auratus,JUV,F,2,3.38,2.10,Artificial,23.09,3,7.8,0,10,100,
After2,13-Dec-05,686,9 November 2007,Lake Macquarie,RC1,Sparidae,Rhabdosargus sarba,AD,F,1,2.52,2.52,Natural,23.09,3,7.8,0,10,100,
After2,13-Dec-05,686,9 November 2007,Lake Macquarie,AR2,Sparidae,Pagrus auratus,JUV,F,3,6.65,2.95,Artificial,23.09,3,7.8,0,10,100,
After2,13-Dec-05,686,9 November 2007,Lake Macquarie,RC3,Sparidae,Rhabdosargus sarba,JUV,F,4,20.98,5.82,Natural,23.09,3,7.8,0,10,100,
After2,13-Dec-05,686,9 November 2007,Lake Macquarie,AR6,Sparidae,Acanthopagrus australis,AD,F,4,16.32,5.82,Artificial,23.09,3,7.8,0,10,100,
After2,13-Dec-05,686,9 November 2007,Lake Macquarie,SC1,Sparidae,Acanthopagrus australis,AD,F,2,7.33,7.33,Sand,23.09,3,7.8,0,10,100,
After2,13-Dec-05,686,9 November 2007,Lake Macquarie,AR4,Sparidae,Acanthopagrus australis,AD,F,6,7.55,7.75,Artificial,23.09,3,7.8,0,10,100,
After2,13-Dec-05,686,9 November 2007,Lake Macquarie,AR6,Sparidae,Rhabdosargus sarba,JUV,F,3,7.82,7.80,Artificial,23.09,3,7.8,0,10,100,
After2,13-Dec-05,686,9 November 2007,Lake Macquarie,AR6,Sparidae,Acanthopagrus australis,JUV,F,2,8.07,8.05,Artificial,23.09,3,7.8,0,10,100,
After2,13-Dec-05,686,9 November 2007,Lake Macquarie,AR5,Sparidae,Acanthopagrus australis,JUV,F,3,8.20,8.17,Artificial,23.09,3,7.8,0,10,100,
After2,13-Dec-05,686,9 November 2007,Lake Macquarie,SC3,Sparidae,Acanthopagrus australis,AD,F,3,32.78,8.22,Sand,23.09,3,7.8,0,10,100,
After2,13-Dec-05,686,9 November 2007,Lake Macquarie,AR4,Sparidae,Rhabdosargus sarba,AD,F,1,4.48,8.32,Artificial,23.09,3,7.8,0,10,100,
After2,13-Dec-05,686,9 November 2007,Lake Macquarie,AR2,Sparidae,Rhabdosargus sarba,AD,F,5,20.87,9.10,Artificial,23.09,3,7.8,0,10,100,
After2,13-Dec-05,686,9 November 2007,Lake Macquarie,AR3,Sparidae,Acanthopagrus australis,JUV,F,4,9.23,9.20,Artificial,23.09,3,7.8,0,10,100,
After2,13-Dec-05,686,9 November 2007,Lake Macquarie,RC2,Sparidae,Pagrus auratus,JUV,F,1,9.63,12.53,Natural,23.09,3,7.8,0,10,100,
After2,13-Dec-05,686,9 November 2007,Lake Macquarie,RC1,Sparidae,Acanthopagrus australis,JUV,F,1,13.97,13.98,Natural,23.09,3,7.8,0,10,100,
After2,13-Dec-05,686,9 November 2007,Lake Macquarie,RC1,Sparidae,Pagrus auratus,JUV,F,2,14.28,14.27,Natural,23.09,3,7.8,0,10,100,
After2,13-Dec-05,686,9 November 2007,Lake Macquarie,RC1,Sparidae,Acanthopagrus australis,AD,F,2,16.02,16.00,Natural,23.09,3,7.8,0,10,100,
After2,13-Dec-05,686,9 November 2007,Lake Macquarie,AR2,Sparidae,Acanthopagrus australis,JUV,F,2,18.75,18.75,Artificial,23.09,3,7.8,0,10,100,
After2,13-Dec-05,686,9 November 2007,Lake Macquarie,AR4,Sparidae,Pagrus auratus,AD,F,2,9.90,24.18,Artificial,23.09,3,7.8,0,10,100,
After1,05-Feb-07,253,18 October 2007,St Georges Basin,AR1,Sparidae,Acanthopagrus australis,JUV,"P,SC",2,16.73333,,Artificial,,2.5,,0,,,
After1,05-Feb-07,253,18 October 2007,St Georges Basin,AR1,Sparidae,Rhabdosargus sarba,JUV,P,1,20.18333,,Artificial,,2.5,,0,,,
After1,05-Feb-07,253,18 October 2007,St Georges Basin,AR3,Sparidae,Rhabdosargus sarba,JUV,P,1,14.46667,,Artificial,21,2,,0,,,
After1,05-Feb-07,253,18 October 2007,St Georges Basin,RC2,Sparidae,Rhabdosargus sarba,AD,P,1,30.13333,,Natural,21,2,,0,,,
After1,05-Feb-07,253,18 October 2007,St Georges Basin,RC3,Sparidae,Acanthopagrus australis,AD,"P,SC",5,,,Natural,21,1.5,,0,,,
After1,05-Feb-07,265,30 October 2007,St Georges Basin,AR5,Sparidae,Rhabdosargus sarba,JUV,P,1,17.13333,,Artificial,21.4,2,0,1,5,20,
After1,05-Feb-07,265,30 October 2007,St Georges Basin,AR5,Sparidae,Rhabdosargus sarba,AD,"P,SC",1,18.01666,,Artificial,21.4,2,0,1,5,20,
After1,05-Feb-07,265,30 October 2007,St Georges Basin,RC1,Sparidae,Rhabdosargus sarba,AD,P,1,30.39999,,Natural,21.4,2,0,1,5,20,
After1,05-Feb-07,265,30 October 2007,St Georges Basin,RC3,Sparidae,Acanthopagrus australis,AD,P,2,9.51667,,Natural,21.4,2,0,1,5,20,
After1,05-Feb-07,266,31 October 2007,St Georges Basin,AR1,Sparidae,Rhabdosargus sarba,AD,F,2,2.06667,3,Artificial,21.4,2,1.61,1,5,20,
After1,05-Feb-07,266,31 October 2007,St Georges Basin,RC1,Sparidae,Rhabdosargus sarba,AD,P,5,4.45,,Natural,21.4,2,1.61,1,5,20,
After1,05-Feb-07,266,31 October 2007,St Georges Basin,RC3,Sparidae,Rhabdosargus sarba,AD,"F,SC",5,4.46666,7.1,Natural,21.4,2,1.61,1,5,20,
After1,05-Feb-07,266,31 October 2007,St Georges Basin,RC3,Sparidae,Acanthopagrus australis,AD,F,3,7.16666,7.16666,Natural,21.4,2,1.61,1,5,20,
After1,05-Feb-07,285,20 November 2007,St Georges Basin,AR1,Sparidae,Acanthopagrus australis,JUV,P,3,0.38333,,Artificial,23.1,0.5,1.61,2,25,100,
After1,05-Feb-07,285,20 November 2007,St Georges Basin,AR1,Sparidae,Rhabdosargus sarba,JUV,"P,SC",14,11,,Artificial,23.1,0.5,1.61,2,25,100,
After1,05-Feb-07,285,20 November 2007,St Georges Basin,AR2,Sparidae,Pagrus auratus,JUV,P,1,5.1,,Artificial,23.1,0.5,1.61,2,25,100,
After1,05-Feb-07,285,20 November 2007,St Georges Basin,AR2,Sparidae,Acanthopagrus australis,JUV,P,1,5.1,,Artificial,23.1,0.5,1.61,2,25,100,
After1,05-Feb-07,285,20 November 2007,St Georges Basin,AR3,Sparidae,Acanthopagrus australis,JUV,"F,SC",2,30.06667,30.1,Artificial,23.1,1.5,1.61,2,25,100,
After1,05-Feb-07,285,20 November 2007,St Georges Basin,AR4,Sparidae,Acanthopagrus australis,JUV,P,1,1.6,,Artificial,23.1,1,1.61,2,25,100,
After1,05-Feb-07,285,20 November 2007,St Georges Basin,AR4,Sparidae,Rhabdosargus sarba,AD,P,3,21.18334,,Artificial,23.1,1,1.61,2,25,100,
After1,05-Feb-07,285,20 November 2007,St Georges Basin,AR5,Sparidae,Pagrus auratus,AD,F,11,2.3,1.6,Artificial,23.1,1,1.61,2,25,100,
After1,05-Feb-07,285,20 November 2007,St Georges Basin,AR6,Sparidae,Acanthopagrus australis,JUV,P,1,1.76666,,Artificial,23.1,1,1.61,2,25,100,
After1,05-Feb-07,285,20 November 2007,St Georges Basin,RC2,Sparidae,Rhabdosargus sarba,AD,P,3,21.53333,,Natural,23.1,2,1.61,2,25,100,
After1,05-Feb-07,285,20 November 2007,St Georges Basin,RC3,Sparidae,Acanthopagrus australis,JUV,P,6,1.23334,,Natural,23.1,1.5,1.61,2,25,100,
After1,05-Feb-07,285,20 November 2007,St Georges Basin,RC3,Sparidae,Rhabdosargus sarba,AD,P,5,2.15,,Natural,23.1,1.5,1.61,2,25,100,
After1,05-Feb-07,285,20 November 2007,St Georges Basin,RC3,Sparidae,Acanthopagrus australis,AD,"P,SC",3,9.75,,Natural,23.1,1.5,1.61,2,25,100,
After1,05-Feb-07,286,21 November 2007,St Georges Basin,AR1,Sparidae,Rhabdosargus sarba,AD,P,1,0.05,,Artificial,24.2,2.5,,0,10,100,
After1,05-Feb-07,286,21 November 2007,St Georges Basin,AR2,Sparidae,Acanthopagrus australis,JUV,P,1,6.73333,,Artificial,24.2,2.5,,0,10,100,
After1,05-Feb-07,286,21 November 2007,St Georges Basin,AR3,Sparidae,Rhabdosargus sarba,AD,P,1,0.03333,,Artificial,24.2,3,,0,10,100,
After1,05-Feb-07,286,21 November 2007,St Georges Basin,AR4,Sparidae,Rhabdosargus sarba,AD,P,1,9.63333,,Artificial,24.2,1.5,,0,10,100,
After1,05-Feb-07,286,21 November 2007,St Georges Basin,AR6,Sparidae,Acanthopagrus australis,JUV,P,1,2.43333,,Artificial,24.2,1,,0,10,100,
After1,05-Feb-07,286,21 November 2007,St Georges Basin,RC2,Sparidae,Acanthopagrus australis,AD,F,8,14.48334,3.16667,Natural,24.2,2.5,,0,10,100,
After1,05-Feb-07,286,21 November 2007,St Georges Basin,RC2,Sparidae,Rhabdosargus sarba,AD,P,1,20.63334,,Natural,24.2,2.5,,0,10,100,
After1,05-Feb-07,286,21 November 2007,St Georges Basin,RC3,Sparidae,Acanthopagrus australis,JUV,F,7,3.3,2.3,Natural,24.2,1,,0,10,100,
After1,05-Feb-07,286,21 November 2007,St Georges Basin,RC3,Sparidae,Rhabdosargus sarba,AD,F,3,1.33333,2.3,Natural,24.2,1,,0,10,100,
After1,05-Feb-07,286,21 November 2007,St Georges Basin,RC3,Sparidae,Acanthopagrus australis,AD,P,6,14.71666,,Natural,24.2,1,,0,10,100,
After1,05-Feb-07,314,19 December 2007,St Georges Basin,AR1,Sparidae,Rhabdosargus sarba,AD,P,2,5.56667,,Artificial,22,2,,1,8,95,
After1,05-Feb-07,314,19 December 2007,St Georges Basin,AR1,Sparidae,Acanthopagrus australis,AD,P,1,6.46667,,Artificial,22,2,,1,8,95,
After1,05-Feb-07,314,19 December 2007,St Georges Basin,AR3,Sparidae,Rhabdosargus sarba,AD,P,1,0.26667,,Artificial,22,1.5,,1,8,95,
After1,05-Feb-07,314,19 December 2007,St Georges Basin,AR3,Sparidae,Pagrus auratus,JUV,P,1,5.18334,,Artificial,22,1.5,,1,8,95,
After1,05-Feb-07,314,19 December 2007,St Georges Basin,AR3,Sparidae,Acanthopagrus australis,JUV,P,2,23.78334,,Artificial,22,1.5,,1,8,95,
After1,05-Feb-07,314,19 December 2007,St Georges Basin,AR4,Sparidae,Acanthopagrus australis,AD,P,1,20.46666,,Artificial,22,1.5,,1,8,95,
After1,05-Feb-07,314,19 December 2007,St Georges Basin,AR5,Sparidae,Acanthopagrus australis,JUV,P,1,4.31666,,Artificial,22,1.5,,1,8,95,
After1,05-Feb-07,314,19 December 2007,St Georges Basin,AR6,Sparidae,Acanthopagrus australis,JUV,"P,SC",2,3.43333,,Artificial,22,1.5,,1,8,95,
After1,05-Feb-07,314,19 December 2007,St Georges Basin,AR6,Sparidae,Pagrus auratus,JUV,P,1,11.13333,,Artificial,22,1.5,,1,8,95,
After1,05-Feb-07,314,19 December 2007,St Georges Basin,RC1,Sparidae,Acanthopagrus australis,AD,P,1,0.68333,,Natural,22,2,,1,8,95,
After1,05-Feb-07,314,19 December 2007,St Georges Basin,RC3,Sparidae,Rhabdosargus sarba,AD,"P,SC",4,4.45,,Natural,22,2,,1,8,95,
After1,05-Feb-07,314,19 December 2007,St Georges Basin,RC3,Sparidae,Acanthopagrus australis,AD,F,10,21.53334,14.86667,Natural,22,2,,1,8,95,
After1,05-Feb-07,314,19 December 2007,St Georges Basin,RC3,Sparidae,Pagrus auratus,AD,F,3,19.48334,10.98334,Natural,22,2,,1,8,95,
After1,05-Feb-07,314,19 December 2007,St Georges Basin,SC1,Sparidae,Pagrus auratus,JUV,F,2,16.4,14.38333,Sand,22,1.5,,1,8,95,
After2,05-Feb-07,611,16 October 2008,St Georges Basin,AR1,Sparidae,Rhabdosargus sarba,JUV,"P,SC",3,2.26667,,Artificial,,3,,,,,
After2,05-Feb-07,611,16 October 2008,St Georges Basin,AR1,Sparidae,Acanthopagrus australis,JUV,"P,SC",1,2.86667,,Artificial,,3,,,,,
After2,05-Feb-07,611,16 October 2008,St Georges Basin,AR2,Sparidae,Rhabdosargus sarba,AD,"P,SC",1,21.34999,,Artificial,,2.5,,,,,
After2,05-Feb-07,611,16 October 2008,St Georges Basin,AR3,Sparidae,Rhabdosargus sarba,AD,P,2,1.18333,,Artificial,,1.5,,,,,
After2,05-Feb-07,611,16 October 2008,St Georges Basin,AR3,Sparidae,Rhabdosargus sarba,JUV,P,1,18.26666,,Artificial,,1.5,,,,,
After2,05-Feb-07,611,16 October 2008,St Georges Basin,AR4,Sparidae,Acanthopagrus australis,JUV,P,2,2.4,,Artificial,,2,,,,,
After2,05-Feb-07,611,16 October 2008,St Georges Basin,AR4,Sparidae,Rhabdosargus sarba,AD,"P,SC",2,2.03334,,Artificial,,2,,,,,
After2,05-Feb-07,611,16 October 2008,St Georges Basin,AR5,Sparidae,Acanthopagrus australis,AD,P,3,1.51667,,Artificial,,3,,,,,
After2,05-Feb-07,611,16 October 2008,St Georges Basin,AR5,Sparidae,Acanthopagrus australis,JUV,P,3,5.93333,,Artificial,,3,,,,,
After2,05-Feb-07,611,16 October 2008,St Georges Basin,AR6,Sparidae,Acanthopagrus australis,JUV,P,1,0.05,,Artificial,,2,,,,,
After2,05-Feb-07,611,16 October 2008,St Georges Basin,AR6,Sparidae,Acanthopagrus australis,AD,P,4,0.21667,,Artificial,,2,,,,,
After2,05-Feb-07,611,16 October 2008,St Georges Basin,AR6,Sparidae,Rhabdosargus sarba,AD,"P,SC",4,0.6,,Artificial,,2,,,,,
After2,05-Feb-07,611,16 October 2008,St Georges Basin,RC1,Sparidae,Rhabdosargus sarba,AD,P,2,21.68333,,Natural,,3,,,,,
After2,05-Feb-07,611,16 October 2008,St Georges Basin,RC2,Sparidae,Rhabdosargus sarba,AD,P,5,10.41667,,Natural,,2,,,,,
After2,05-Feb-07,611,16 October 2008,St Georges Basin,RC2,Sparidae,Acanthopagrus australis,JUV,P,3,18.78334,,Natural,,2,,,,,
After2,05-Feb-07,611,16 October 2008,St Georges Basin,RC3,Sparidae,Acanthopagrus australis,AD,"F,SC",5,0.55,0.53333,Natural,,1.5,,,,,
After2,05-Feb-07,611,16 October 2008,St Georges Basin,RC3,Sparidae,Acanthopagrus australis,JUV,F,9,4.06666,3.95,Natural,,1.5,,,,,
After2,05-Feb-07,611,16 October 2008,St Georges Basin,RC3,Sparidae,Rhabdosargus sarba,AD,"F,SC",6,1.73333,7.8,Natural,,1.5,,,,,
After2,05-Feb-07,629,4 November 2008,St Georges Basin,AR1,Sparidae,Acanthopagrus australis,JUV,F,6,15.85,15.85,Artificial,19,2.5,,1.5,25,12,
After2,05-Feb-07,629,4 November 2008,St Georges Basin,AR1,Sparidae,Acanthopagrus australis,AD,"F,SC",1,5.45,11.31666,Artificial,19,2.5,,1.5,25,12,
After2,05-Feb-07,629,4 November 2008,St Georges Basin,AR1,Sparidae,Rhabdosargus sarba,JUV,"F,SC",3,18,18.06666,Artificial,19,2.5,,1.5,25,12,
After2,05-Feb-07,629,4 November 2008,St Georges Basin,AR1,Sparidae,Rhabdosargus sarba,AD,"P,SC",1,11.06666,,Artificial,19,2.5,,1.5,25,12,
After2,05-Feb-07,629,4 November 2008,St Georges Basin,AR2,Sparidae,Acanthopagrus australis,AD,P,2,0.38333,,Artificial,19,2.5,,1.5,25,12,
After2,05-Feb-07,629,4 November 2008,St Georges Basin,AR2,Sparidae,Acanthopagrus australis,JUV,P,1,11.35,,Artificial,19,2.5,,1.5,25,12,
After2,05-Feb-07,629,4 November 2008,St Georges Basin,AR2,Sparidae,Rhabdosargus sarba,AD,"P,SC",2,13.51667,,Artificial,19,2.5,,1.5,25,12,
After2,05-Feb-07,629,4 November 2008,St Georges Basin,AR3,Sparidae,Rhabdosargus sarba,AD,P,6,0.36666,,Artificial,19,2.5,,1.5,25,12,
After2,05-Feb-07,629,4 November 2008,St Georges Basin,AR3,Sparidae,Acanthopagrus australis,JUV,"P,SC",3,20.28333,,Artificial,19,2.5,,1.5,25,12,
After2,05-Feb-07,629,4 November 2008,St Georges Basin,AR4,Sparidae,Acanthopagrus australis,JUV,P,1,1.51666,,Artificial,19,2,,1.5,25,12,
After2,05-Feb-07,629,4 November 2008,St Georges Basin,AR5,Sparidae,Rhabdosargus sarba,AD,P,13,0.61666,,Artificial,19,2,,1.5,25,12,
After2,05-Feb-07,629,4 November 2008,St Georges Basin,AR5,Sparidae,Acanthopagrus australis,JUV,P,1,4.7,,Artificial,19,2,,1.5,25,12,
After2,05-Feb-07,629,4 November 2008,St Georges Basin,AR5,Sparidae,Acanthopagrus australis,AD,P,2,14.96666,,Artificial,19,2,,1.5,25,12,
After2,05-Feb-07,631,6 November 2008,St Georges Basin,AR1,Sparidae,Acanthopagrus australis,JUV,P,2,4.16666,,Artificial,18,2,,0,5,70,
After2,05-Feb-07,631,6 November 2008,St Georges Basin,AR1,Sparidae,Acanthopagrus australis,AD,P,1,20.1,,Artificial,18,2,,0,5,70,
After2,05-Feb-07,631,6 November 2008,St Georges Basin,AR4,Sparidae,Acanthopagrus australis,JUV,P,4,0.18333,,Artificial,18,2.5,,0,5,70,
After2,05-Feb-07,631,6 November 2008,St Georges Basin,AR4,Sparidae,Acanthopagrus australis,AD,P,1,0.06666,,Artificial,18,2.5,,0,5,70,
After2,05-Feb-07,631,6 November 2008,St Georges Basin,AR4,Sparidae,Rhabdosargus sarba,AD,"P,SC",1,0.43333,,Artificial,18,2.5,,0,5,70,
After2,05-Feb-07,631,6 November 2008,St Georges Basin,AR5,Sparidae,Acanthopagrus australis,AD,P,1,2.48333,,Artificial,18,3,,0,5,70,
After2,05-Feb-07,631,6 November 2008,St Georges Basin,AR5,Sparidae,Acanthopagrus australis,JUV,P,1,8.11666,,Artificial,18,3,,0,5,70,
After2,05-Feb-07,631,6 November 2008,St Georges Basin,RC3,Sparidae,Acanthopagrus australis,JUV,"P,SC",4,2.48333,,Natural,18,2,,0,5,70,
After2,05-Feb-07,631,6 November 2008,St Georges Basin,RC3,Sparidae,Rhabdosargus sarba,AD,"P,SC",3,2.2,,Natural,18,2,,0,5,70,
After2,05-Feb-07,631,6 November 2008,St Georges Basin,RC3,Sparidae,Acanthopagrus australis,AD,"F,SC",12,20.3,18.43333,Natural,18,2,,0,5,70,
After2,05-Feb-07,657,2 December 2008,St Georges Basin,AR2,Sparidae,Acanthopagrus australis,JUV,P,1,2.23333,,Artificial,21,2,,,,,
After2,05-Feb-07,657,2 December 2008,St Georges Basin,AR3,Sparidae,Acanthopagrus australis,JUV,F,6,5.65,4.23333,Artificial,21,2,,,,,
After2,05-Feb-07,657,2 December 2008,St Georges Basin,AR3,Sparidae,Rhabdosargus sarba,AD,"F,SC",3,4.71667,4.7,Artificial,21,2,,,,,
After2,05-Feb-07,657,2 December 2008,St Georges Basin,AR3,Sparidae,Acanthopagrus australis,AD,F,2,5.65,9.18333,Artificial,21,2,,,,,
After2,05-Feb-07,657,2 December 2008,St Georges Basin,AR4,Sparidae,Acanthopagrus australis,AD,P,1,0.3,,Artificial,21,2,,,,,
After2,05-Feb-07,657,2 December 2008,St Georges Basin,AR5,Sparidae,Acanthopagrus australis,AD,P,1,11.08333,,Artificial,21,2,,,,,
After2,05-Feb-07,657,2 December 2008,St Georges Basin,AR6,Sparidae,Acanthopagrus australis,AD,"P,SC",5,14.78333,,Artificial,21,2,,,,,
After2,05-Feb-07,657,2 December 2008,St Georges Basin,RC1,Sparidae,Rhabdosargus sarba,JUV,P,2,2.83333,,Natural,21,2,,,,,
After2,05-Feb-07,657,2 December 2008,St Georges Basin,RC3,Sparidae,Rhabdosargus sarba,AD,F,6,6.21667,2.63333,Natural,21,2,,,,,
After2,05-Feb-07,657,2 December 2008,St Georges Basin,RC3,Sparidae,Acanthopagrus australis,AD,F,4,7.23333,12.6,Natural,21,2,,,,,
After2,05-Feb-07,657,2 December 2008,St Georges Basin,RC3,Sparidae,Acanthopagrus australis,JUV,F,2,21.95,21.95,Natural,21,2,,,,,
After2,05-Feb-07,658,3 December 2008,St Georges Basin,AR1,Sparidae,Acanthopagrus australis,AD,"P,SC",3,0.19999,,Artificial,21,2,,,,,
After2,05-Feb-07,658,3 December 2008,St Georges Basin,AR1,Sparidae,Rhabdosargus sarba,JUV,F,5,9.61666,8.38333,Artificial,21,2,,,,,
After2,05-Feb-07,658,3 December 2008,St Georges Basin,RC1,Sparidae,Rhabdosargus sarba,JUV,"P,SC",3,14.01667,,Natural,21,2,,,,,
After2,05-Feb-07,664,9 December 2008,St Georges Basin,AR1,Sparidae,Rhabdosargus sarba,JUV,F,2,0.56667,0.56667,Artificial,22.2,3.5,,,,,
After2,05-Feb-07,664,9 December 2008,St Georges Basin,AR2,Sparidae,Acanthopagrus australis,AD,P,2,6.46667,,Artificial,22.2,2.5,,,,,
After2,05-Feb-07,664,9 December 2008,St Georges Basin,AR2,Sparidae,Rhabdosargus sarba,AD,P,1,2.56667,,Artificial,22.2,2.5,,,,,
After2,05-Feb-07,664,9 December 2008,St Georges Basin,AR3,Sparidae,Rhabdosargus sarba,AD,F,1,3.46667,4.25,Artificial,22.2,2,,,,,
After2,05-Feb-07,664,9 December 2008,St Georges Basin,AR3,Sparidae,Acanthopagrus australis,AD,P,5,11.91667,,Artificial,22.2,2,,,,,
After2,05-Feb-07,664,9 December 2008,St Georges Basin,AR3,Sparidae,Acanthopagrus australis,JUV,F,3,23.7,23.76667,Artificial,22.2,2,,,,,
After2,05-Feb-07,664,9 December 2008,St Georges Basin,AR4,Sparidae,Rhabdosargus sarba,AD,"P,SC",7,8.66667,,Artificial,22.2,1.5,,,,,
After2,05-Feb-07,664,9 December 2008,St Georges Basin,AR4,Sparidae,Acanthopagrus australis,AD,P,4,8.81667,,Artificial,22.2,1.5,,,,,
After2,05-Feb-07,664,9 December 2008,St Georges Basin,AR5,Sparidae,Rhabdosargus sarba,AD,P,1,0.18333,,Artificial,22.2,2.5,,,,,
After2,05-Feb-07,664,9 December 2008,St Georges Basin,AR5,Sparidae,Acanthopagrus australis,AD,"F,SC",2,12.21666,19.63333,Artificial,22.2,2.5,,,,,
After2,05-Feb-07,664,9 December 2008,St Georges Basin,AR6,Sparidae,Acanthopagrus australis,AD,P,1,0.78333,,Artificial,22.2,1.5,,,,,
After2,05-Feb-07,664,9 December 2008,St Georges Basin,AR6,Sparidae,Rhabdosargus sarba,AD,"P,SC",1,4.59999,,Artificial,22.2,1.5,,,,,
After2,05-Feb-07,664,9 December 2008,St Georges Basin,RC1,Sparidae,Rhabdosargus sarba,AD,P,1,7.93333,,Natural,22.2,3.5,,,,,
After2,05-Feb-07,664,9 December 2008,St Georges Basin,RC2,Sparidae,Rhabdosargus sarba,AD,P,1,12.33333,,Natural,22.2,3.5,,,,,
After2,05-Feb-07,664,9 December 2008,St Georges Basin,RC3,Sparidae,Acanthopagrus australis,AD,F,6,7.96667,4.88333,Natural,22.2,3.5,,,,,
After2,05-Feb-07,664,9 December 2008,St Georges Basin,RC3,Sparidae,Rhabdosargus sarba,AD,P,1,3.63333,,Natural,22.2,3.5,,,,,
After2,05-Feb-07,714,29 January 2009,St Georges Basin,AR2,Sparidae,Acanthopagrus australis,JUV,SC,4,2.51,,Artificial,21,1.5,,,,,
After2,05-Feb-07,714,29 January 2009,St Georges Basin,AR2,Sparidae,Rhabdosargus sarba,JUV,SC,,1,7.49,Artificial,21,1.5,,,,,
After2,05-Feb-07,714,29 January 2009,St Georges Basin,AR6,Sparidae,Acanthopagrus australis,AD,SC,2,1.2,,Artificial,21,2,,,,,
After2,05-Feb-07,715,30 January 2009,St Georges Basin,AR1,Sparidae,Acanthopagrus australis,AD,P,3,21.05,,Artificial,,1,,,,,
After2,05-Feb-07,715,30 January 2009,St Georges Basin,AR2,Sparidae,Rhabdosargus sarba,AD,P,1,2.55,,Artificial,,1.5,,,,,
After2,05-Feb-07,715,30 January 2009,St Georges Basin,AR2,Sparidae,Acanthopagrus australis,AD,P,1,3.04,,Artificial,,1.5,,,,,
After2,05-Feb-07,715,30 January 2009,St Georges Basin,AR3,Sparidae,Rhabdosargus sarba,AD,SC,2,1.44,,Artificial,,1.5,,,,,
After2,05-Feb-07,715,30 January 2009,St Georges Basin,AR3,Sparidae,Acanthopagrus australis,JUV,SC,4,2.38,,Artificial,,1.5,,,,,
After2,05-Feb-07,715,30 January 2009,St Georges Basin,AR3,Sparidae,Acanthopagrus australis,AD,F,5,7.49,1.47,Artificial,,1.5,,,,,
After2,05-Feb-07,715,30 January 2009,St Georges Basin,AR5,Sparidae,Rhabdosargus sarba,JUV,SC,3,23.18,,Artificial,,1,,,,,
After2,05-Feb-07,715,30 January 2009,St Georges Basin,RC2,Sparidae,Acanthopagrus australis,AD,P,3,10.43,,Natural,,1,,,,,
After1,07-Jun-06,208,5 January 2007,Botany Bay,AR4,Sparidae,Pagrus auratus,JUV,F,1,1.61666,5.46666,Artificial,,5,,,,,
After1,07-Jun-06,226,23 January 2007,Botany Bay,AR4,Sparidae,Pagrus auratus,JUV,F,1,2.48333,6.11666,Artificial,21,4,,,,,
After1,07-Jun-06,226,23 January 2007,Botany Bay,AR5,Sparidae,Pagrus auratus,JUV,"P,SC",1,20.4,,Artificial,21,4,,,,,
After1,07-Jun-06,226,23 January 2007,Botany Bay,AR6,Sparidae,Pagrus auratus,JUV,P,2,16.06666,,Artificial,21,3.5,,,,,
After1,07-Jun-06,226,23 January 2007,Botany Bay,RC3,Sparidae,Acanthopagrus australis,AD,P,1,7.36666,,Natural,21,3.5,,,,,
After1,07-Jun-06,248,15 February 2007,Botany Bay,AR3,Sparidae,Pagrus auratus,JUV,F,10,42.05,34.06666,Artificial,23.4,2,,1,0,5,
After1,07-Jun-06,248,15 February 2007,Botany Bay,AR3,Sparidae,Rhabdosargus sarba,JUV,F,2,37.11666,37.06666,Artificial,23.4,2,,1,0,5,
After1,07-Jun-06,248,15 February 2007,Botany Bay,AR3,Sparidae,Acanthopagrus australis,JUV,F,4,38,37.96666,Artificial,23.4,2,,1,0,5,
After1,07-Jun-06,248,15 February 2007,Botany Bay,AR4,Sparidae,Pagrus auratus,JUV,F,2,4.48333,1.78333,Artificial,23.4,1.5,,1,0,5,
After1,07-Jun-06,248,15 February 2007,Botany Bay,AR5,Sparidae,Pagrus auratus,JUV,P,4,31.4,,Artificial,23.4,2.5,,1,0,5,
After1,07-Jun-06,248,15 February 2007,Botany Bay,AR6,Sparidae,Pagrus auratus,JUV,P,1,3.78333,,Artificial,23.4,2,,1,0,5,
After1,07-Jun-06,248,15 February 2007,Botany Bay,AR6,Sparidae,Acanthopagrus australis,AD,P,1,15.46666,,Artificial,23.4,2,,1,0,5,
After1,07-Jun-06,248,15 February 2007,Botany Bay,RC1,Sparidae,Pagrus auratus,JUV,P,1,4.35,,Natural,23.4,4,,1,0,5,
After1,07-Jun-06,248,15 February 2007,Botany Bay,SC1,Sparidae,Pagrus auratus,JUV,F,4,56.61666,33.1,Sand,23.4,2,,1,0,5,
After1,07-Jun-06,248,15 February 2007,Botany Bay,SC2,Sparidae,Pagrus auratus,JUV,F,2,55.66666,52.63333,Sand,23.4,2,,1,0,5,
After1,07-Jun-06,256,23 February 2007,Botany Bay,AR3,Sparidae,Pagrus auratus,JUV,F,8,16.6,4.93333,Artificial,21.62,3,,0.1,5,5,
After1,07-Jun-06,256,23 February 2007,Botany Bay,AR4,Sparidae,Pagrus auratus,JUV,F,4,6.45,21.65,Artificial,21.62,3.5,,0.1,5,5,
After1,07-Jun-06,256,23 February 2007,Botany Bay,AR6,Sparidae,Pagrus auratus,JUV,P,1,23.53333,,Artificial,21.62,4,,0.1,5,5,
After1,07-Jun-06,256,23 February 2007,Botany Bay,RC1,Sparidae,Pagrus auratus,JUV,P,1,4.76666,,Natural,21.62,4,,0.1,5,5,
After1,07-Jun-06,261,28 February 2007,Botany Bay,AR3,Sparidae,Acanthopagrus australis,AD,P,9,3.55,,Artificial,21.9,4,,0.5,5,20,
After1,07-Jun-06,261,28 February 2007,Botany Bay,AR4,Sparidae,Pagrus auratus,JUV,"F,SC",8,37.96666,33.98333,Artificial,21.9,5,,0.5,5,20,
After1,07-Jun-06,261,28 February 2007,Botany Bay,RC1,Sparidae,Pagrus auratus,JUV,P,10,49.65,,Natural,21.9,5,,0.5,5,20,
After1,07-Jun-06,261,28 February 2007,Botany Bay,SC2,Sparidae,Acanthopagrus australis,AD,P,1,20.4,,Sand,21.9,4.5,,0.5,5,20,
After1,07-Jun-06,285,22 March 2007,Botany Bay,AR3,Sparidae,Pagrus auratus,AD,F,7,1.43333,1.5,Artificial,20,3.5,,,,,
After1,07-Jun-06,285,22 March 2007,Botany Bay,AR3,Sparidae,Acanthopagrus australis,AD,P,7,24.56666,,Artificial,20,3.5,,,,,
After1,07-Jun-06,285,22 March 2007,Botany Bay,AR3,Sparidae,Acanthopagrus australis,JUV,P,1,4.53333,,Artificial,20,3.5,,,,,
After1,07-Jun-06,285,22 March 2007,Botany Bay,AR3,Sparidae,Rhabdosargus sarba,AD,P,3,18.55,,Artificial,20,3.5,,,,,
After1,07-Jun-06,285,22 March 2007,Botany Bay,AR4,Sparidae,Pagrus auratus,JUV,F,14,7.45,3.41666,Artificial,20,3.5,,,,,
After1,07-Jun-06,285,22 March 2007,Botany Bay,AR4,Sparidae,Pagrus auratus,JUV,F,14,7.45,3.41666,Artificial,20,3.5,,,,,
After1,07-Jun-06,285,22 March 2007,Botany Bay,AR5,Sparidae,Pagrus auratus,JUV,P,2,5.68333,,Artificial,20,6,,,,,
After1,07-Jun-06,285,22 March 2007,Botany Bay,AR5,Sparidae,Pagrus auratus,JUV,P,2,5.68333,,Artificial,20,6,,,,,
After1,07-Jun-06,285,22 March 2007,Botany Bay,RC2,Sparidae,Pagrus auratus,AD,F,3,41.63333,39.8,Natural,20,4,,,,,
After1,07-Jun-06,285,22 March 2007,Botany Bay,RC2,Sparidae,Pagrus auratus,AD,F,3,41.63333,39.8,Natural,20,4,,,,,
After1,07-Jun-06,285,22 March 2007,Botany Bay,RC3,Sparidae,Pagrus auratus,AD,"P,SC",9,34.03333,,Natural,20,,,,,,
After1,07-Jun-06,285,22 March 2007,Botany Bay,RC3,Sparidae,Pagrus auratus,AD,"P,SC",9,34.03333,,Natural,20,,,,,,
After1,07-Jun-06,285,22 March 2007,Botany Bay,SC1,Sparidae,Pagrus auratus,JUV,"P,SC",6,50.21666,,Sand,20,2.5,,,,,
After1,07-Jun-06,285,22 March 2007,Botany Bay,SC1,Sparidae,Pagrus auratus,JUV,"P,SC",6,50.21666,,Sand,20,2.5,,,,,
After1,07-Jun-06,296,3 April 2007,Botany Bay,AR3,Sparidae,Acanthopagrus australis,AD,"P,SC",6,24.68333,,Artificial,22,,,1.5,20,80,
After1,07-Jun-06,296,3 April 2007,Botany Bay,AR3,Sparidae,Pagrus auratus,JUV,"F,SC",7,5.46666,4.81666,Artificial,22,,,1.5,20,80,
After1,07-Jun-06,296,3 April 2007,Botany Bay,AR3,Sparidae,Acanthopagrus australis,JUV,P,4,15.83333,,Artificial,22,,,1.5,20,80,
After1,07-Jun-06,296,3 April 2007,Botany Bay,AR4,Sparidae,Pagrus auratus,JUV,F,6,10.91666,6.53333,Artificial,22,5,,1.5,20,80,
After1,07-Jun-06,296,3 April 2007,Botany Bay,AR5,Sparidae,Pagrus auratus,JUV,"P,SC",10,24.16666,,Artificial,22,4.5,,1.5,20,80,
After1,07-Jun-06,296,3 April 2007,Botany Bay,AR6,Sparidae,Pagrus auratus,JUV,P,2,5.65,,Artificial,22,5.5,,1.5,20,80,
After1,07-Jun-06,296,3 April 2007,Botany Bay,RC1,Sparidae,Pagrus auratus,JUV,F,12,60.2,31.81666,Natural,22,4,,1.5,20,80,
After1,07-Jun-06,296,3 April 2007,Botany Bay,RC2,Sparidae,Pagrus auratus,JUV,"F,SC",2,40.13333,38.66666,Natural,22,7,,1.5,20,80,
After1,07-Jun-06,296,3 April 2007,Botany Bay,RC3,Sparidae,Pagrus auratus,JUV,F,8,9.63333,2.6,Natural,22,,,1.5,20,80,
After1,07-Jun-06,296,3 April 2007,Botany Bay,SC1,Sparidae,Pagrus auratus,JUV,F,3,39.38333,36.15,Sand,22,2.5,,1.5,20,80,
After1,07-Jun-06,327,4 May 2007,Botany Bay,AR3,Sparidae,Pagrus auratus,JUV,F,24,43.1,34.05,Artificial,20.7,2,,0,0,0,
After1,07-Jun-06,327,4 May 2007,Botany Bay,AR3,Sparidae,Acanthopagrus australis,AD,"P,SC",6,47.56666,,Artificial,20.7,2,,0,0,0,
After1,07-Jun-06,327,4 May 2007,Botany Bay,AR3,Sparidae,Acanthopagrus australis,JUV,F,3,36.2,37.15,Artificial,20.7,2,,0,0,0,
After1,07-Jun-06,327,4 May 2007,Botany Bay,AR3,Sparidae,Rhabdosargus sarba,AD,"P,SC",1,49.33333,,Artificial,20.7,2,,0,0,0,
After1,07-Jun-06,327,4 May 2007,Botany Bay,AR4,Sparidae,Pagrus auratus,JUV,"F,SC",16,35.46666,33.51666,Artificial,20.7,2,,0,0,0,
After1,07-Jun-06,327,4 May 2007,Botany Bay,AR6,Sparidae,Pagrus auratus,JUV,P,32,2.71666,,Artificial,20.7,5,,0,0,0,
After1,07-Jun-06,327,4 May 2007,Botany Bay,RC1,Sparidae,Pagrus auratus,JUV,"F,SC",19,16.76666,7.78333,Natural,20.7,5,,0,0,0,
After1,07-Jun-06,327,4 May 2007,Botany Bay,RC2,Sparidae,Pagrus auratus,JUV,P,1,4.26666,,Natural,20.7,5,,0,0,0,
After1,07-Jun-06,327,4 May 2007,Botany Bay,RC3,Sparidae,Acanthopagrus australis,AD,P,1,56.73333,,Natural,20.7,4,,0,0,0,
After1,07-Jun-06,327,4 May 2007,Botany Bay,SC1,Sparidae,Acanthopagrus australis,AD,P,1,35.71666,,Sand,20.7,5,,0,0,0,
After1,07-Jun-06,327,4 May 2007,Botany Bay,SC2,Sparidae,Acanthopagrus australis,AD,P,3,61.15,,Sand,20.7,5,,0,0,0,
After1,07-Jun-06,331,8 May 2007,Botany Bay,AR3,Sparidae,Rhabdosargus sarba,AD,"P,SC",2,5.05,,Artificial,20.6,6,,,10,80,
After1,07-Jun-06,331,8 May 2007,Botany Bay,AR3,Sparidae,Pagrus auratus,JUV,F,15,6.23333,1,Artificial,20.6,6,,,10,80,
After1,07-Jun-06,331,8 May 2007,Botany Bay,AR3,Sparidae,Acanthopagrus australis,JUV,F,7,2.01666,2.13333,Artificial,20.6,6,,,10,80,
After1,07-Jun-06,331,8 May 2007,Botany Bay,AR3,Sparidae,Acanthopagrus australis,AD,"F,SC",6,14.11666,6.51666,Artificial,20.6,6,,,10,80,
After1,07-Jun-06,331,8 May 2007,Botany Bay,AR4,Sparidae,Pagrus auratus,JUV,F,14,1.45,0.76666,Artificial,20.6,5.5,,,10,80,
After1,07-Jun-06,331,8 May 2007,Botany Bay,AR5,Sparidae,Pagrus auratus,JUV,F,2,1.83333,2.13333,Artificial,20.6,6.5,,,10,80,
After1,07-Jun-06,331,8 May 2007,Botany Bay,AR6,Sparidae,Pagrus auratus,JUV,F,3,11.4,12.7,Artificial,20.6,6.5,,,10,80,
After1,07-Jun-06,331,8 May 2007,Botany Bay,RC1,Sparidae,Pagrus auratus,JUV,F,21,49.56666,39.85,Natural,20.6,4,,,10,80,
After1,07-Jun-06,331,8 May 2007,Botany Bay,RC3,Sparidae,Pagrus auratus,JUV,P,3,32.18333,,Natural,20.6,6,,,10,80,
After1,07-Jun-06,331,8 May 2007,Botany Bay,SC1,Sparidae,Pagrus auratus,JUV,F,5,33.36666,31.18333,Sand,20.6,4.5,,,10,80,
After1,07-Jun-06,331,8 May 2007,Botany Bay,SC1,Sparidae,Acanthopagrus australis,AD,"P,SC",1,35.61666,,Sand,20.6,4.5,,,10,80,
After1,07-Jun-06,331,8 May 2007,Botany Bay,SC2,Sparidae,Acanthopagrus australis,AD,P,2,60.43333,,Sand,20.6,4.5,,,10,80,
After1,07-Jun-06,340,17 May 2007,Botany Bay,AR3,Sparidae,Pagrus auratus,JUV,F,14,6.11666,1.28333,Artificial,20.2,3,,0,5,20,
After1,07-Jun-06,340,17 May 2007,Botany Bay,AR3,Sparidae,Acanthopagrus australis,JUV,"F,SC",12,22.03333,13.56666,Artificial,20.2,3,,0,5,20,
After1,07-Jun-06,340,17 May 2007,Botany Bay,AR3,Sparidae,Acanthopagrus australis,AD,"F,SC",9,12.33333,5.25,Artificial,20.2,3,,0,5,20,
After1,07-Jun-06,340,17 May 2007,Botany Bay,AR3,Sparidae,Rhabdosargus sarba,AD,P,2,9.11666,,Artificial,20.2,3,,0,5,20,
After1,07-Jun-06,340,17 May 2007,Botany Bay,AR4,Sparidae,Pagrus auratus,JUV,"F,SC",25,40.95,36.93333,Artificial,20.2,4,,0,5,20,
After1,07-Jun-06,340,17 May 2007,Botany Bay,AR5,Sparidae,Pagrus auratus,JUV,"F,SC",3,37.26666,37.38333,Artificial,20.2,4,,0,5,20,
After1,07-Jun-06,340,17 May 2007,Botany Bay,AR6,Sparidae,Pagrus auratus,JUV,"P,SC",2,28.53333,,Artificial,20.2,5,,0,5,20,
After1,07-Jun-06,340,17 May 2007,Botany Bay,RC1,Sparidae,Pagrus auratus,JUV,"F,SC",13,34.88333,42.76666,Natural,20.2,2.5,,0,5,20,
After1,07-Jun-06,340,17 May 2007,Botany Bay,SC1,Sparidae,Pagrus auratus,JUV,"F,SC",14,55.61666,31.25,Sand,20.2,2.5,,0,5,20,
After1,07-Jun-06,340,17 May 2007,Botany Bay,SC1,Sparidae,Acanthopagrus australis,AD,"P,SC",7,41.55,,Sand,20.2,2.5,,0,5,20,
After1,07-Jun-06,354,31 May 2007,Botany Bay,AR4,Sparidae,Pagrus auratus,JUV,F,23,43.61666,27.85,Artificial,18.1,4.5,,0.5,15,0,
After1,07-Jun-06,354,31 May 2007,Botany Bay,AR6,Sparidae,Pagrus auratus,JUV,P,76,44.26666,,Artificial,18.1,5,,0.5,15,0,
After1,07-Jun-06,354,31 May 2007,Botany Bay,RC1,Sparidae,Pagrus auratus,JUV,"F,SC",14,46.61666,41.35,Natural,18.1,3.5,,0.5,15,0,
After1,07-Jun-06,354,31 May 2007,Botany Bay,RC1,Sparidae,Acanthopagrus australis,AD,P,3,43.8,,Natural,18.1,3.5,,0.5,15,0,
After1,07-Jun-06,354,31 May 2007,Botany Bay,RC2,Sparidae,Pagrus auratus,JUV,"F,SC",3,30.31666,55.08333,Natural,18.1,5,,0.5,15,0,
After1,07-Jun-06,354,31 May 2007,Botany Bay,SC1,Sparidae,Pagrus auratus,JUV,F,3,58.9,34.51666,Sand,18.1,3.5,,0.5,15,0,
After1,07-Jun-06,354,31 May 2007,Botany Bay,SC2,Sparidae,Acanthopagrus australis,AD,"P,SC",2,38.9,,Sand,18.1,4,,0.5,15,0,
After2,07-Jun-06,578,15 January 2008,Botany Bay,AR3,Sparidae,Acanthopagrus australis,AD,P,10,21.76666,,Artificial,22,2.5,,0,0,100,
After2,07-Jun-06,578,15 January 2008,Botany Bay,AR5,Sparidae,Pagrus auratus,JUV,P,1,10.2,,Artificial,22,2.5,,0,0,100,
After2,07-Jun-06,578,15 January 2008,Botany Bay,AR6,Sparidae,Pagrus auratus,JUV,"P,SC",5,10.9,,Artificial,22,3.5,,0,0,100,
After2,07-Jun-06,578,15 January 2008,Botany Bay,RC1,Sparidae,Pagrus auratus,JUV,P,2,38.26666,,Natural,22,3,,0,0,100,
After2,07-Jun-06,578,15 January 2008,Botany Bay,SC1,Sparidae,Pagrus auratus,JUV,F,1,33.9,34.01666,Sand,22,2.5,,0,0,100,
After2,07-Jun-06,578,15 January 2008,Botany Bay,SC2,Sparidae,Acanthopagrus australis,AD,P,1,46.85,,Sand,22,2.5,,0,0,100,
After2,07-Jun-06,588,25 January 2008,Botany Bay,AR3,Sparidae,Acanthopagrus australis,AD,"P,SC",12,43.76666,,Artificial,22,2.5,,1,10,80,
After2,07-Jun-06,588,25 January 2008,Botany Bay,AR3,Sparidae,Rhabdosargus sarba,AD,P,2,47.13333,,Artificial,22,2.5,,1,10,80,
After2,07-Jun-06,588,25 January 2008,Botany Bay,AR3,Sparidae,Acanthopagrus australis,JUV,"F,SC",2,46.36666,48.68333,Artificial,22,2.5,,1,10,80,
After2,07-Jun-06,588,25 January 2008,Botany Bay,AR3,Sparidae,Rhabdosargus sarba,AD,P,2,43.95,,Artificial,22,2.5,,1,10,80,
After2,07-Jun-06,588,25 January 2008,Botany Bay,AR3,Sparidae,Acanthopagrus australis,AD,"F,SC",9,40.78333,48.6,Artificial,22,2.5,,1,10,80,
After2,07-Jun-06,588,25 January 2008,Botany Bay,AR5,Sparidae,Pagrus auratus,JUV,P,1,54.03333,,Artificial,22,3.5,,1,10,80,
After2,07-Jun-06,588,25 January 2008,Botany Bay,AR6,Sparidae,Pagrus auratus,JUV,P,1,18.81666,,Artificial,22,4.5,,1,10,80,
After2,07-Jun-06,588,25 January 2008,Botany Bay,RC1,Sparidae,Pagrus auratus,JUV,"P,SC",2,12.15,,Natural,22,3,,1,10,80,
After2,07-Jun-06,588,25 January 2008,Botany Bay,RC1,Sparidae,Rhabdosargus sarba,AD,P,1,19.05,,Natural,22,3,,1,10,80,
After2,07-Jun-06,588,25 January 2008,Botany Bay,RC2,Sparidae,Pagrus auratus,JUV,P,1,13.08333,,Natural,22,4,,1,10,80,
After2,07-Jun-06,588,25 January 2008,Botany Bay,SC2,Sparidae,Acanthopagrus australis,AD,"P,SC",3,47.48333,,Sand,22,2.5,,1,10,80,
After2,07-Jun-06,588,25 January 2008,Botany Bay,SC2,Sparidae,Pagrus auratus,JUV,P,1,41.85,,Sand,22,2.5,,1,10,80,
After2,07-Jun-06,599,6 February 2008,Botany Bay,AR3,Sparidae,Acanthopagrus australis,JUV,"F,SC",4,17.06666,18.96666,Artificial,22.8,2,,1,10,15,
After2,07-Jun-06,599,6 February 2008,Botany Bay,AR3,Sparidae,Acanthopagrus australis,AD,"F,SC",15,25.58333,18.88333,Artificial,22.8,2,,1,10,15,
After2,07-Jun-06,599,6 February 2008,Botany Bay,AR3,Sparidae,Pagrus auratus,AD,F,3,5.68333,4.38333,Artificial,22.8,2,,1,10,15,
After2,07-Jun-06,599,6 February 2008,Botany Bay,AR5,Sparidae,Pagrus auratus,JUV,"P,SC",1,5.75,,Artificial,22.8,3,,1,10,15,
After2,07-Jun-06,599,6 February 2008,Botany Bay,AR6,Sparidae,Pagrus auratus,JUV,F,5,16.98333,16.51666,Artificial,22.8,2,,1,10,15,
After2,07-Jun-06,599,6 February 2008,Botany Bay,RC2,Sparidae,Pagrus auratus,JUV,P,13,33.56666,,Natural,22.8,3.5,,1,10,15,
After2,07-Jun-06,599,6 February 2008,Botany Bay,SC2,Sparidae,Acanthopagrus australis,AD,F,7,9.73333,10.36666,Sand,22.8,2,,1,10,15,
After2,07-Jun-06,599,6 February 2008,Botany Bay,SC2,Sparidae,Pagrus auratus,JUV,"F,SC",2,10.53333,10.3,Sand,22.8,2,,1,10,15,
After2,07-Jun-06,599,6 February 2008,Botany Bay,SC3,Sparidae,Acanthopagrus australis,AD,F,6,61.71666,52.05,Sand,22.8,2,,1,10,15,
After2,07-Jun-06,605,12 February 2008,Botany Bay,AR3,Sparidae,Pagrus auratus,JUV,F,1,38.26666,38.51666,Artificial,22.8,3,,,,,
After2,07-Jun-06,605,12 February 2008,Botany Bay,AR3,Sparidae,Acanthopagrus australis,JUV,P,2,35.36666,,Artificial,22.8,3,,,,,
After2,07-Jun-06,605,12 February 2008,Botany Bay,AR4,Sparidae,Acanthopagrus australis,AD,P,1,11.18333,,Artificial,22.8,3.5,,,,,
After2,07-Jun-06,605,12 February 2008,Botany Bay,AR4,Sparidae,Pagrus auratus,JUV,F,12,2.73333,2.15,Artificial,22.8,3.5,,,,,
After2,07-Jun-06,605,12 February 2008,Botany Bay,AR5,Sparidae,Acanthopagrus australis,AD,P,1,6.86666,,Artificial,22.8,5.5,,,,,
After2,07-Jun-06,605,12 February 2008,Botany Bay,AR5,Sparidae,Pagrus auratus,JUV,F,1,1.53333,1.53333,Artificial,22.8,5.5,,,,,
After2,07-Jun-06,605,12 February 2008,Botany Bay,AR6,Sparidae,Pagrus auratus,JUV,"F,SC",8,18.43333,3.61666,Artificial,22.8,4,,,,,
After2,07-Jun-06,605,12 February 2008,Botany Bay,AR6,Sparidae,Rhabdosargus sarba,AD,"P,SC",8,12.53333,,Artificial,22.8,4,,,,,
After2,07-Jun-06,605,12 February 2008,Botany Bay,RC1,Sparidae,Acanthopagrus australis,AD,P,1,30.2,,Natural,22.8,4.5,,,,,
After2,07-Jun-06,605,12 February 2008,Botany Bay,RC1,Sparidae,Pagrus auratus,JUV,F,14,7.71666,1.03333,Natural,22.8,4.5,,,,,
After2,07-Jun-06,605,12 February 2008,Botany Bay,RC3,Sparidae,Acanthopagrus australis,AD,P,8,24.66666,,Natural,22.8,3,,,,,
After2,07-Jun-06,605,12 February 2008,Botany Bay,RC3,Sparidae,Pagrus auratus,JUV,P,2,11.76666,,Natural,22.8,3,,,,,
After2,07-Jun-06,605,12 February 2008,Botany Bay,RC3,Sparidae,Rhabdosargus sarba,AD,P,1,28.45,,Natural,22.8,3,,,,,
After2,07-Jun-06,605,12 February 2008,Botany Bay,SC1,Sparidae,Pagrus auratus,JUV,F,1,33.23333,34.71666,Sand,22.8,3,,,,,
After2,07-Jun-06,608,15 February 2008,Botany Bay,AR3,Sparidae,Pagrus auratus,JUV,P,1,32.03333,,Artificial,22,4,,,,,
After2,07-Jun-06,608,15 February 2008,Botany Bay,AR3,Sparidae,Acanthopagrus australis,JUV,P,2,48.61666,,Artificial,22,4,,,,,
After2,07-Jun-06,608,15 February 2008,Botany Bay,AR3,Sparidae,Acanthopagrus australis,AD,F,7,48.53333,41.65,Artificial,22,4,,,,,
After2,07-Jun-06,608,15 February 2008,Botany Bay,AR4,Sparidae,Pagrus auratus,AD,F,5,3.25,2.66666,Artificial,22,4,,,,,
After2,07-Jun-06,608,15 February 2008,Botany Bay,AR6,Sparidae,Acanthopagrus australis,JUV,P,1,2.26666,,Artificial,22,5.5,,,,,
After2,07-Jun-06,608,15 February 2008,Botany Bay,AR6,Sparidae,Rhabdosargus sarba,JUV,F,4,17.08333,15.01666,Artificial,22,5.5,,,,,
After2,07-Jun-06,608,15 February 2008,Botany Bay,AR6,Sparidae,Acanthopagrus australis,JUV,F,5,17.41666,10.28333,Artificial,22,5.5,,,,,
After2,07-Jun-06,608,15 February 2008,Botany Bay,AR6,Sparidae,Pagrus auratus,JUV,F,13,6.8,2.2,Artificial,22,5.5,,,,,
After2,07-Jun-06,649,26 March 2008,Botany Bay,AR3,Sparidae,Rhabdosargus sarba,AD,P,1,6,,Artificial,21,4,,0,0,0,
After2,07-Jun-06,649,26 March 2008,Botany Bay,AR3,Sparidae,Acanthopagrus australis,JUV,P,2,4.35,,Artificial,21,4,,0,0,0,
After2,07-Jun-06,649,26 March 2008,Botany Bay,AR3,Sparidae,Pagrus auratus,JUV,"P,SC",8,1.23333,,Artificial,21,4,,0,0,0,
After2,07-Jun-06,649,26 March 2008,Botany Bay,AR3,Sparidae,Acanthopagrus australis,AD,"F,SC",15,18.7,14.41666,Artificial,21,4,,0,0,0,
After2,07-Jun-06,649,26 March 2008,Botany Bay,AR4,Sparidae,Pagrus auratus,JUV,F,8,33.2,33.28333,Artificial,21,4,,0,0,0,
After2,07-Jun-06,649,26 March 2008,Botany Bay,AR5,Sparidae,Pagrus auratus,JUV,F,5,2.9,2.86666,Artificial,21,4.5,,0,0,0,
After2,07-Jun-06,649,26 March 2008,Botany Bay,AR6,Sparidae,Pagrus auratus,JUV,F,2,8.06666,9.61666,Artificial,21,4.5,,0,0,0,
After2,07-Jun-06,649,26 March 2008,Botany Bay,RC2,Sparidae,Pagrus auratus,JUV,P,1,1.51666,,Natural,21,2.5,,0,0,0,
After2,07-Jun-06,684,1 May 2008,Botany Bay,AR3,Sparidae,Pagrus auratus,JUV,F,2,41.6,42.01666,Artificial,22,4.5,,,,,
After2,07-Jun-06,684,1 May 2008,Botany Bay,AR3,Sparidae,Acanthopagrus australis,AD,"P,SC",7,57.21666,,Artificial,22,4.5,,,,,
After2,07-Jun-06,684,1 May 2008,Botany Bay,AR4,Sparidae,Rhabdosargus sarba,JUV,P,2,16.15,,Artificial,22,5,,,,,
After2,07-Jun-06,684,1 May 2008,Botany Bay,AR4,Sparidae,Pagrus auratus,AD,F,5,4.2,,Artificial,22,5,,,,,
After2,07-Jun-06,684,1 May 2008,Botany Bay,AR5,Sparidae,Pagrus auratus,JUV,F,1,2.11666,2.35,Artificial,22,5.5,,,,,
After2,07-Jun-06,684,1 May 2008,Botany Bay,AR6,Sparidae,Pagrus auratus,JUV,"F,SC",13,9.51666,6.93333,Artificial,22,5.5,,,,,
After2,07-Jun-06,684,1 May 2008,Botany Bay,RC2,Sparidae,Pagrus auratus,JUV,"F,SC",2,29.76666,48.38333,Natural,22,3,,,,,
After2,07-Jun-06,684,1 May 2008,Botany Bay,RC3,Sparidae,Pagrus auratus,JUV,"F,SC",6,22.43333,22.26666,Natural,22,3,,,,,
After2,07-Jun-06,706,23 May 2008,Botany Bay,AR3,Sparidae,Acanthopagrus australis,JUV,"P,SC",2,42.13333,,Artificial,18,,,0,8,60,
After2,07-Jun-06,706,23 May 2008,Botany Bay,AR3,Sparidae,Pagrus auratus,JUV,"P,SC",7,38.16666,,Artificial,18,,,0,8,60,
After2,07-Jun-06,706,23 May 2008,Botany Bay,AR5,Sparidae,Pagrus auratus,JUV,P,1,2.05,,Artificial,18,3,,0,8,60,
After2,07-Jun-06,706,23 May 2008,Botany Bay,AR6,Sparidae,Pagrus auratus,JUV,F,11,42.65,51.35,Artificial,18,4.5,,0,8,60,
After2,07-Jun-06,706,23 May 2008,Botany Bay,RC1,Sparidae,Pagrus auratus,AD,"P,SC",9,52.78333,,Natural,18,4,,0,8,60,
After2,07-Jun-06,706,23 May 2008,Botany Bay,RC1,Sparidae,Rhabdosargus sarba,JUV,P,1,52.7,,Natural,18,4,,0,8,60,
After2,07-Jun-06,706,23 May 2008,Botany Bay,SC1,Sparidae,Pagrus auratus,JUV,"F,SC",6,7.5,9.18333,Sand,18,3,,0,8,60,
After2,07-Jun-06,740,27 June 2008,Botany Bay,AR3,Sparidae,Pagrus auratus,JUV,P,6,13.71666,,Artificial,17,2.5,,,,,
After2,07-Jun-06,740,27 June 2008,Botany Bay,AR4,Sparidae,Pagrus auratus,JUV,P,2,33.15,,Artificial,17,4,,,,,
After2,07-Jun-06,740,27 June 2008,Botany Bay,AR5,Sparidae,Pagrus auratus,JUV,F,10,25.65,1.65,Artificial,17,2.5,,,,,
After2,07-Jun-06,740,27 June 2008,Botany Bay,AR6,Sparidae,Pagrus auratus,JUV,F,18,8.48333,2.73333,Artificial,17,4,,,,,
After2,07-Jun-06,740,27 June 2008,Botany Bay,AR6,Sparidae,Rhabdosargus sarba,AD,"P,SC",3,4.63333,,Artificial,17,4,,,,,
After2,07-Jun-06,740,27 June 2008,Botany Bay,RC2,Sparidae,Pagrus auratus,JUV,F,3,44.25,43.88333,Natural,17,5,,,,,
After2,07-Jun-06,740,27 June 2008,Botany Bay,RC3,Sparidae,Pagrus auratus,JUV,F,9,26.43333,7.18333,Natural,17,5,,,,,
After2,07-Jun-06,740,27 June 2008,Botany Bay,SC1,Sparidae,Pagrus auratus,JUV,"F,SC",8,3.15,4.73333,Sand,17,2.5,,,,,
After2,07-Jun-06,48,25 July 2006,Botany Bay,AR2,Sparidae,Acanthopagrus australis,AD,P,2,50.51666,,Artificial,17,3,,0,5,70,
After2,07-Jun-06,48,25 July 2006,Botany Bay,AR3,Sparidae,Pagrus auratus,JUV,P,3,33.48333,,Artificial,17,5,,0,5,70,
After2,07-Jun-06,48,25 July 2006,Botany Bay,AR4,Sparidae,Pagrus auratus,JUV,P,2,27.3,,Artificial,17,,,0,5,70,
After2,07-Jun-06,48,25 July 2006,Botany Bay,RC1,Sparidae,Pagrus auratus,JUV,F,12,17.71666,6.23333,Natural,17,2.5,,0,5,70,
After2,07-Jun-06,48,25 July 2006,Botany Bay,SC1,Sparidae,Pagrus auratus,JUV,"P,SC",1,55.43333,,Sand,17,2.5,,0,5,70,
After2,07-Jun-06,48,25 July 2006,Botany Bay,SC2,Sparidae,Pagrus auratus,JUV,P,1,43.51666,,Sand,17,2,,0,5,70,
Before,n/a,n/a,14 February 2006,Botany Bay,RC1,Sparidae,Acanthopagrus australis,JUV,P,2,16.16,,Natural,,,,,,,16.16
Before,n/a,n/a,14 February 2006,Botany Bay,SC2,Sparidae,Pagrus auratus,JUV,F,6,9.44,13.4,Sand,,,,,,,1.52
Before,n/a,n/a,14 February 2006,Botany Bay,SC1,Sparidae,Pagrus auratus,JUV,P,1,8.39,,Sand,,,,,,,8.39
Before,n/a,n/a,10 May 2006,Botany Bay,RC1,Sparidae,Pagrus auratus,JUV,P,1,3.52,,Natural,,,,,,,3.52
Before,n/a,n/a,10 May 2006,Botany Bay,SC1,Sparidae,Pagrus auratus,JUV,P,19,7.52,,Sand,,,,,,,2.32
Before,n/a,n/a,10 May 2006,Botany Bay,RC3,Sparidae,Pagrus auratus,JUV,F,21,7.45,14.56,Natural,,,,,,,2.35
Before,n/a,n/a,30 September 2005,Lake Macquarie,RC3,Sparidae,Acanthopagrus australis,AD,P,1,16.01,,Natural,,,,,,,16.01
Before,n/a,n/a,9 November 2005,Lake Macquarie,RC1,Sparidae,Acanthopagrus australis,AD,P,2,14.21,,Natural,,,,,,,14.2
Before,n/a,n/a,9 November 2005,Lake Macquarie,RC3,Sparidae,Acanthopagrus australis,AD,P,6,4.35,,Natural,,,,,,,0.28
Before,n/a,n/a,9 November 2005,Lake Macquarie,RC3,Sparidae,Acanthopagrus australis,JUV,P,2,0.32,,Natural,,,,,,,0.28
Before,n/a,n/a,9 November 2005,Lake Macquarie,SC3,Sparidae,Acanthopagrus australis,AD,P,2,10.41,,Sand,,,,,,,10.41
Before,n/a,n/a,29 November 2005,Lake Macquarie,RC3,Sparidae,Acanthopagrus australis,AD,P,5,11.31,,Natural,,,,,,,1.16
Before,n/a,n/a,29 November 2005,Lake Macquarie,RC3,Sparidae,Acanthopagrus australis,JUV,P,3,1.42,,Natural,,,,,,,1.42
Before,n/a,n/a,29 November 2005,Lake Macquarie,SC1,Sparidae,Acanthopagrus australis,AD,P,1,12.11,,Sand,,,,,,,12.11
Before,n/a,n/a,29 November 2005,Lake Macquarie,RC1,Sparidae,Acanthopagrus australis,JUV,P,2,27.27,,Natural,,,,,,,27.26
Before,n/a,n/a,29 November 2005,Lake Macquarie,RC2,Sparidae,Acanthopagrus australis,JUV,P,2,1.52,,Natural,,,,,,,1.52
Before,n/a,n/a,29 November 2005,Lake Macquarie,RC2,Sparidae,Acanthopagrus australis,AD,P,1,7.36,,Natural,,,,,,,7.36
Before,n/a,n/a,12 January 2006,Botany Bay,SC2,Sparidae,Pagrus auratus,JUV,P,6,9.34,,Sand,,,,,,,9
Before,n/a,n/a,12 January 2006,Botany Bay,SC2,Sparidae,Acanthopagrus australis,AD,P,1,13.01,,Sand,,,,,,,13.01
Before,n/a,n/a,12 January 2006,Botany Bay,RC3,Sparidae,Pagrus auratus,JUV,P,5,0.15,,Natural,,,,,,,0.15
Before,n/a,n/a,12 January 2006,Botany Bay,RC1,Sparidae,Pagrus auratus,JUV,P,6,1.54,,Natural,,,,,,,1.54
Before,n/a,n/a,25 February 2006,Botany Bay,RC2,Sparidae,Pagrus auratus,JUV,P,2,2.5,,Natural,,,,,,,2.5
Before,n/a,n/a,25 February 2006,Botany Bay,RC3,Sparidae,Acanthopagrus australis,AD,P,1,3.34,,Natural,,,,,,,3.34
Before,n/a,n/a,18 April 2006,Botany Bay,RC1,Sparidae,Pagrus auratus,JUV,P,1,2.3,,Natural,,,,,,,2.3
Before,n/a,n/a,18 April 2006,Botany Bay,SC1,Sparidae,Pagrus auratus,JUV,P,6,1.39,,Sand,,,,,,,1.26
Before,n/a,n/a,18 April 2006,Botany Bay,SC1,Sparidae,Acanthopagrus australis,AD,P,1,2.02,,Sand,,,,,,,2.02
Before,n/a,n/a,18 April 2006,Botany Bay,RC2,Sparidae,Pagrus auratus,JUV,P,5,15.56,,Natural,,,,,,,1.47
Before,n/a,n/a,27 October 2005,Lake Macquarie,RC3,Sparidae,Acanthopagrus australis,JUV,P,7,22.27,,Natural,,,,,,,11.011
Before,n/a,n/a,27 October 2005,Lake Macquarie,RC3,Sparidae,Acanthopagrus australis,AD,P,2,25.28,,Natural,,,,,,,25.28
Before,n/a,n/a,17 March 2006,Botany Bay,RC1,Sparidae,Acanthopagrus australis,AD,P,1,16.16,,Natural,,,,,,,16.16
Before,n/a,n/a,17 March 2006,Botany Bay,RC2,Sparidae,Pagrus auratus,JUV,P,1,27.31,,Natural,,,,,,,27.31
Before,n/a,n/a,17 March 2006,Botany Bay,RC3,Sparidae,Pagrus auratus,JUV,P,7,2.16,,Natural,,,,,,,2.1
Before,n/a,n/a,4 January 2006,Botany Bay,SC1,Sparidae,Pagrus auratus,JUV,P,1,4.2,,Sand,,,,,,,4.2
Before,n/a,n/a,9 February 2006,Botany Bay,RC2,Sparidae,Acanthopagrus australis,AD,P,3,7.29,,Natural,,,,,,,7.29
Before,n/a,n/a,27 February 2006,Botany Bay,RC1,Sparidae,Pagrus auratus,JUV,P,3,27.54,,Natural,,,,,,,4.29
Before,n/a,n/a,27 February 2006,Botany Bay,SC1,Sparidae,Canthigaster callisterna,AD,P,1,5.31,,Sand,,,,,,,5.31
Before,n/a,n/a,3 November 2005,Lake Macquarie,SC2,Sparidae,Rhabdosargus sarba,AD,F,1,5.2,8.16,Sand,,,,,,,5.2
Before,n/a,n/a,3 November 2005,Lake Macquarie,SC2,Sparidae,Rhabdosargus sarba,JUV,P,1,12.35,,Sand,,,,,,,12.35
Before,n/a,n/a,3 November 2005,Lake Macquarie,RC2,Sparidae,Acanthopagrus australis,AD,P,4,13.07,,Natural,,,,,,,2.49
Before,n/a,n/a,3 November 2005,Lake Macquarie,RC3,Sparidae,Pagrus auratus,JUV,P,1,4.11,,Natural,,,,,,,4.11
Before,n/a,n/a,7 October 2006,St Georges Basin,RC2,Sparidae,Rhabdosargus sarba,JUV,P,5,31.38,,Natural,,,,,,,31.38
Before,n/a,n/a,17 May 2006,Botany Bay,SC1,Sparidae,Pagrus auratus,JUV,P,1,4.11,,Sand,,,,,,,4.11
Before,n/a,n/a,17 May 2006,Botany Bay,SC1,Sparidae,Acanthopagrus australis,AD,P,1,22.12,,Sand,,,,,,,22.12
Before,n/a,n/a,5 April 2006,Botany Bay,RC1,Sparidae,Pagrus auratus,JUV,P,16,0.58,,Natural,,,,,,,0.5
Before,n/a,n/a,5 April 2006,Botany Bay,RC1,Sparidae,Acanthopagrus australis,AD,P,1,10.35,,Natural,,,,,,,10.35
Before,n/a,n/a,5 April 2006,Botany Bay,SC1,Sparidae,Pagrus auratus,JUV,P,6,14.44,,Sand,,,,,,,3.05
Before,n/a,n/a,31 May 2006,Botany Bay,SC3,Sparidae,Pagrus auratus,JUV,P,16,3.56,,Sand,,,,,,,2.24
Before,n/a,n/a,12 November 2006,St Georges Basin,RC3,Sparidae,Acanthopagrus australis,JUV,P,1,15.47,,Natural,,,,,,,15.47
Before,n/a,n/a,5 February 2007,St Georges Basin,RC1,Sparidae,Rhabdosargus sarba,JUV,P,1,15.13,,Natural,,,,,,,15.13
Before,n/a,n/a,10 January 2007,St Georges Basin,RC2,Sparidae,Rhabdosargus sarba,JUV,P,4,26.3,,Natural,,,,,,,9.24
Before,n/a,n/a,20 January 2007,St Georges Basin,SC1,Sparidae,Acanthopagrus australis,AD,P,1,14.31,,Sand,,,,,,,14.31
Before,n/a,n/a,20 January 2007,St Georges Basin,SC2,Sparidae,Acanthopagrus australis,AD,P,1,,,Sand,,,,,,,
Before,n/a,n/a,27 June 2006,Botany Bay,RC3,Sparidae,Pagrus auratus,JUV,P,7,6.11,,Natural,,,,,,,6.11
Before,n/a,n/a,27 June 2006,Botany Bay,SC3,Sparidae,Acanthopagrus australis,AD,P,14,11.33,,Sand,,,,,,,4
